Joint_1,Joint_2,Joint_3,Joint_4,Joint_5,Joint_6,Joint_7,Joint_8,Joint_9,Joint_10,Joint_11,Joint_12
0.28786334,-0.0,-0.0,-0.15599024,0.0,0.0,-0.35995618,-0.0,-0.0,0.27364534,-0.0,0.0
0.35835335,0.35887682,0.057829976,0.088722035,0.19486845,-0.22443295,-0.10002871,-0.2330039,-0.09750588,0.11705187,-0.5572403,-0.57594824
0.09574278,0.38447437,0.01961834,0.1220328,0.17865019,-0.13752507,0.064877175,-0.4721353,0.2416191,-0.16230729,-0.5048612,-0.092144966
0.2594372,0.013325892,0.24908741,0.12519892,0.33019108,-0.16453134,-0.15519731,-0.7480423,0.40000552,-0.15579355,-0.25031167,-0.36896512
0.29445,-0.15394792,0.20717175,0.19937554,0.38475356,0.036916766,-0.7701893,-0.99404794,0.40000203,-0.19054583,-0.0035789362,-0.40071657
0.29471523,-0.3306724,0.01101255,0.24528085,0.46010378,0.13076904,-1.1293525,-0.66912323,0.39993775,-0.23931247,0.32607073,-0.388964
0.2461922,-0.31922302,-0.31071207,-0.08454932,0.33897704,-0.89849883,-1.3611017,-0.09469517,0.39985,-0.35078213,0.48221728,-0.29443035
0.31768477,-0.3483401,0.24109298,-0.098874174,-0.3015374,-0.9479676,-0.67726773,0.40540552,0.107453085,-0.414353,0.540905,-0.00976941
0.89955306,0.43316972,0.40000015,0.15020598,-0.047583703,-0.41914782,-0.232798,-0.31985882,0.055981383,0.28715152,-0.00048012938,-0.862643
0.54560035,0.9193661,0.18293239,0.200884,0.23364691,-0.3313227,-0.22216094,-0.5358798,-0.01090795,-0.0624939,-0.5260013,-0.22054084
0.41189477,0.50096524,0.24927185,0.10403287,0.18874875,-0.4585069,-0.5360944,-0.934022,0.4000707,-0.015846835,-0.049372714,-0.32545522
0.48549896,0.15199983,0.3862037,0.14444542,0.38379538,-0.30011418,-1.035733,-1.0736876,0.40000018,-0.03316058,0.2934934,-0.39765552
0.49234295,-0.09815642,0.36197728,0.03399713,0.29591557,-0.42601073,-1.2953895,-0.8249978,0.38721022,-0.056304265,0.5116947,-0.33358607
0.45535475,-0.28114417,0.12233145,-0.34174547,-0.13041843,-1.1224633,-1.2300714,0.1037597,0.3654336,-0.15678841,0.63888234,-0.022163782
0.9261533,0.030065117,0.4000002,0.057815183,-0.115665846,-0.52096397,-0.36776483,-0.13703457,0.041035898,0.33205542,0.16097112,-0.73207194
0.7542285,0.7915621,0.4,0.035194058,0.19047995,-0.53054786,-0.34641656,-0.32437184,0.0027070804,0.15580887,-0.58209616,-0.60140777
0.4578905,0.8229363,0.08765152,0.10359471,0.38320965,-0.316058,-0.37905264,-0.5606456,-0.04521608,-0.1825251,-0.38453797,-0.13140966
0.4976099,0.3662941,0.32014072,0.045809723,0.37844652,-0.4614065,-0.7682215,-0.9891613,0.4000027,-0.11233962,0.027156085,-0.3268798
0.49408442,0.0852778,0.33738223,0.08000646,0.41923243,-0.35720754,-1.0954734,-1.030791,0.39533263,-0.11912792,0.3251754,-0.3695944
0.46961114,-0.20617013,0.2095705,-0.17090352,0.03377657,-0.7287146,-1.3646518,-0.4225427,0.3999683,-0.15141718,0.5912624,-0.22595887
0.4432816,-0.33382034,0.17526796,-0.19991158,-0.2711666,-1.0051328,-0.9554405,0.22332613,0.2793792,-0.28605866,0.6439732,0.07346624
0.9347121,0.15544966,0.40000018,0.07489325,-0.012081306,-0.581394,-0.27037826,-0.20984103,0.06354239,0.31146482,0.053189743,-0.74814606
0.7129335,0.8010282,0.3759709,0.0862811,0.22767274,-0.5337837,-0.27114207,-0.3720744,0.0070152404,0.10836189,-0.62372184,-0.58828974
0.47659558,0.84611255,0.053445227,0.1306843,0.39320776,-0.35122818,-0.29923114,-0.57463294,-0.016187966,-0.1766849,-0.45606348,-0.20004156
0.4706837,0.52809924,0.16869386,0.08987607,0.37401128,-0.40644178,-0.52130115,-0.84915125,0.40000388,-0.16926031,-0.03764663,-0.29030204
0.47775978,0.219376,0.27552268,0.12234344,0.43196213,-0.14365582,-0.9508774,-1.1293344,0.40000135,-0.14597951,0.27805355,-0.38637435
0.45924023,-0.010122597,0.22900909,0.07700836,0.40100747,-0.47739807,-1.2680097,-0.7680726,0.39999112,-0.15466136,0.5199312,-0.3469443
0.4766329,-0.16241762,0.09749819,-0.25000194,0.10158899,-0.91807294,-1.4098238,-0.25502655,0.39996478,-0.23724416,0.63409454,-0.16402543
0.5203682,-0.34974086,0.40000004,-0.19074483,-0.29730526,-0.82004637,-0.85692406,0.284261,0.1428785,-0.34616444,0.6577015,-0.011509493
0.9971061,0.045786303,0.40000018,0.044552274,-0.1535136,-0.5015984,-0.34557718,-0.10430093,0.0014360672,0.19922355,0.21836516,-0.8859275
0.77752066,0.72889775,0.4,0.064259015,0.15390377,-0.5361508,-0.35606116,-0.2723019,-0.046621237,0.11852589,-0.39000922,-0.7444277
0.5128339,0.86242026,0.16436987,0.094383776,0.32197064,-0.4178435,-0.38694766,-0.4299522,-0.088240504,-0.09568839,-0.5277878,-0.2869173
0.44676998,0.53418666,0.20314,0.10941392,0.37233722,-0.43729192,-0.42990535,-0.7803239,0.40000364,-0.13458414,-0.1235873,-0.21279304
0.47181088,0.2645963,0.3195676,0.13779733,0.44477993,-0.23086117,-0.91135687,-1.1286939,0.4000003,-0.09851063,0.15856625,-0.3377788
0.4549442,0.021418506,0.32061085,0.17448178,0.4612925,-0.1396137,-1.1500473,-0.9585886,0.39648914,-0.08331881,0.41218305,-0.36100945
0.45149145,-0.1479869,0.21353532,-0.09740849,0.29008892,-0.7609693,-1.411848,-0.51987725,0.39999798,-0.12859467,0.57850295,-0.2629237
0.43023375,-0.2784073,0.0886971,-0.3374981,-0.14355287,-1.1976138,-1.2552254,0.12838843,0.36252385,-0.22616117,0.64526176,-0.016271703
0.8026303,-0.21117932,0.40000024,0.062264238,-0.21661404,-0.4089189,-0.19278282,-0.08180014,-0.18947266,0.10469361,0.5206681,-0.5403039
0.8549946,0.5850597,0.40000007,0.04607405,0.1104357,-0.5418082,-0.32266107,-0.33729988,-0.018172212,0.23024881,-0.30432627,-0.6874695
0.53050494,0.9880946,0.16482095,0.096848324,0.30250075,-0.40402767,-0.3183128,-0.48418802,-0.11002917,-0.073440485,-0.5588059,-0.1817959
0.4275433,0.57036614,0.20307642,0.105267234,0.33630678,-0.43695801,-0.52274185,-0.87164336,0.40000173,-0.1006402,-0.094461754,-0.28889772
0.4437029,0.18666984,0.3368378,0.1633533,0.41787976,-0.15930533,-1.0531338,-1.1047908,0.40000072,-0.07498679,0.30311853,-0.38814822
0.44590777,-0.06849376,0.32562637,0.04449494,0.38031673,-0.43557107,-1.301467,-0.73717564,0.39998403,-0.092374675,0.52239853,-0.33841258
0.4125075,-0.22065203,0.11997593,-0.31675008,-0.082881056,-1.1150992,-1.3145092,0.00466411,0.39997554,-0.18647145,0.62294483,-0.08254772
0.65717703,-0.2934469,0.40000015,0.040727254,-0.33328924,-0.39488006,-0.28357312,0.015210643,-0.08063653,0.0232656,0.600211,-0.48065606
0.8370564,0.6007715,0.4000001,0.02562467,0.11473857,-0.509537,-0.36467665,-0.30416897,0.029292021,0.2461276,-0.36931083,-0.70211047
0.5773495,0.95382994,0.1772247,0.03120661,0.33314353,-0.3796359,-0.36931315,-0.48896554,-0.05110169,-0.079439044,-0.64766705,-0.3247639
0.47700542,0.5203189,0.1970467,0.06838258,0.40873802,-0.30768895,-0.5405577,-0.90979826,0.3999895,-0.14001594,-0.08932805,-0.31614444
0.48233423,0.19523066,0.29518244,0.17621341,0.41248176,0.03937849,-0.96229726,-1.1525978,0.3979644,-0.10865313,0.27264637,-0.41350785
0.47886437,-0.084962875,0.2611709,0.03166553,0.3901852,-0.5114103,-1.3460374,-0.6942054,0.39997348,-0.12208019,0.53875244,-0.34130332
0.4818447,-0.23484622,0.09410141,-0.29540616,-0.08135125,-1.0552795,-1.3290559,-0.08137133,0.39999837,-0.20406134,0.64540607,-0.11639526
0.63855386,-0.2553169,0.40000024,0.071698055,-0.32837066,-0.34958744,-0.3099863,0.023851287,-0.09707573,-0.09342427,0.6155317,-0.3796828
0.8499471,0.60765535,0.40000013,0.006369716,0.11697868,-0.54427636,-0.3494327,-0.23965614,-0.03000002,0.20831348,-0.23211986,-0.77114654
0.5930233,0.9234879,0.203118,0.031284455,0.29501092,-0.42710802,-0.38096088,-0.41193953,-0.054691434,-0.032791864,-0.6276639,-0.39260742
0.4634311,0.5932879,0.16896397,0.07912057,0.3879694,-0.38589233,-0.43737638,-0.8198625,0.40000626,-0.13722816,-0.15341927,-0.27869782
0.51276886,0.26193157,0.3242528,0.1259291,0.42696697,-0.1891655,-0.8728022,-1.1510018,0.40000498,-0.13232754,0.17846298,-0.37003386
0.5013986,-0.18376768,0.2538725,-0.15507664,0.14183722,-0.7918459,-1.4289342,-0.47042686,0.39994618,-0.14182839,0.6052688,-0.27050722
0.8212104,-0.2765911,0.40000024,0.06329184,-0.1890005,-0.4928394,-0.3736664,-0.05167747,-0.033824313,0.09090542,0.517212,-0.58066887
0.8019354,0.6516443,0.40000013,0.07073972,0.17861582,-0.5399118,-0.4073996,-0.28085044,-0.024087885,0.27229977,-0.40870705,-0.6919868
0.5711268,0.9352576,0.14527392,0.10357009,0.35356906,-0.3868147,-0.4135165,-0.48076335,0.010175903,-0.11542775,-0.5662064,-0.16841063
0.49912825,0.45828298,0.2767991,0.09260743,0.43309683,-0.34966972,-0.6608565,-1.0336217,0.3999973,-0.14584848,-0.06463895,-0.31186047
0.47299176,0.14797954,0.341915,0.14988858,0.4670355,-0.09046908,-1.0573894,-1.0961584,0.39684525,-0.09896522,0.284042,-0.41067734
0.47704446,-0.0909874,0.28004363,0.07094258,0.41957858,-0.47014168,-1.3476561,-0.7074099,0.39996028,-0.12650685,0.5325888,-0.3506894
0.4921852,-0.22985768,0.08097805,-0.27336442,0.014453233,-1.0215844,-1.3676753,-0.05951767,0.3912033,-0.24586478,0.6300587,-0.09527313
0.638914,-0.34051356,0.40000018,0.021910451,-0.3861648,-0.38661304,-0.3887413,0.082995266,-0.028524566,-0.10644884,0.672901,-0.30365857
0.8949514,0.4700132,0.40000013,0.019944187,0.024291674,-0.5361635,-0.3074176,-0.22054398,-0.03117815,0.3187056,-0.11823788,-0.78472865
0.6392667,0.91639256,0.275693,0.024227377,0.27384463,-0.4556383,-0.3003386,-0.3895752,-0.11444116,0.0065930076,-0.6872019,-0.55924946
0.38830388,0.65241945,0.05195269,0.026241854,0.34657833,-0.39714667,-0.3127715,-0.7866499,0.28086653,-0.1823429,-0.33131608,-0.012964746
0.5165485,0.26395848,0.30165073,0.037583712,0.41899687,-0.28991747,-0.89240944,-1.1515448,0.39999488,-0.11156188,0.07925523,-0.32086086
0.4977459,0.06713022,0.27664298,0.10364756,0.41771045,-0.23991488,-1.1455684,-1.0046428,0.39941284,-0.097755946,0.3260826,-0.36186257
0.48394474,-0.14258884,0.13928904,-0.1917209,0.13724287,-0.88295066,-1.3797209,-0.30080512,0.40000072,-0.14127836,0.55183065,-0.2374952
0.4469392,-0.2756589,0.32112676,-0.13600886,-0.29950273,-0.8991771,-0.9169337,0.230362,0.26105013,-0.25092798,0.618732,0.016511578
0.8619955,0.29045933,0.40000013,0.022865662,0.088138916,-0.57209146,-0.35201418,-0.19431017,-0.008354401,0.3720507,-0.1359455,-0.7108295
0.70197314,0.8619284,0.36545914,-0.0010153517,0.34227318,-0.48206913,-0.34508973,-0.39064637,-0.060450695,0.12378195,-0.70903677,-0.58832294
0.39806056,0.6778791,0.052472945,0.046067804,0.4354783,-0.2720952,-0.31797457,-0.69744563,0.051782843,-0.24553363,-0.27562895,-0.014313622
0.49129736,0.3038306,0.34277686,0.09234349,0.4646546,-0.3214627,-0.87075907,-1.1516429,0.39999738,-0.1227894,0.104952365,-0.3006961
0.47899255,0.016984241,0.35145804,0.13433786,0.47374865,-0.24578659,-1.2050531,-0.9597804,0.39998442,-0.096402645,0.4159314,-0.35827982
0.48788035,-0.21292634,0.21545584,-0.24009635,0.12678626,-0.87383044,-1.4015899,-0.29368845,0.3999794,-0.16149874,0.619045,-0.20864017
0.6051157,-0.2639048,0.40000024,0.08599895,-0.28919798,-0.42368275,-0.46292582,0.11282461,-0.019313412,-0.12792476,0.686882,-0.33931088
0.884421,0.52057695,0.40000013,0.062693864,0.16135898,-0.5972529,-0.36076567,-0.30358496,0.059727363,0.25005186,-0.20483194,-0.7898042
0.6815571,0.9643143,0.29437223,0.07643214,0.367668,-0.49641863,-0.3593455,-0.44993258,-0.030269936,0.005534509,-0.6638085,-0.5039569
0.39100155,0.65774643,0.11459057,0.13389191,0.34837717,-0.45315892,-0.40812874,-0.7732959,0.30565032,-0.05177238,-0.24096924,-0.22009753
0.47762805,0.29275683,0.3282445,0.14645411,0.41999558,-0.33063042,-0.93714964,-1.0886933,0.4000039,-0.031628557,0.1372647,-0.3764701
0.47376972,-0.029448071,0.32120338,0.012378565,0.321481,-0.5189993,-1.293378,-0.77423936,0.3999764,-0.06489562,0.42867753,-0.31485167
0.4797972,-0.22232199,0.14162286,-0.27772,-0.019736132,-0.99186534,-1.3424873,-0.12980503,0.40000045,-0.15351011,0.58973914,-0.09124294
0.66459006,-0.30101705,0.40000027,0.12111329,-0.40296182,-0.22147693,-0.30439147,0.03408096,-0.0426976,-0.13540342,0.67930347,-0.4359511
0.87984085,0.5528406,0.4000001,0.062189817,0.03855839,-0.48040417,-0.2376868,-0.2693387,-0.047736697,0.17082363,-0.12954271,-0.8251579
0.5845984,0.8866093,0.22506954,0.10784947,0.2356158,-0.37004346,-0.27462056,-0.43812403,-0.106983095,-0.038219295,-0.6042858,-0.48990113
0.41656473,0.5187833,0.1818274,0.06895182,0.20077927,-0.5142987,-0.45931497,-0.8050593,0.39999333,-0.12225428,-0.12832886,-0.21879184
0.48290005,0.165942,0.33649242,0.08521849,0.38322094,-0.350561,-0.987954,-1.0664483,0.39967996,-0.108076066,0.22139184,-0.36766765
0.46483085,-0.08100388,0.27682164,0.070969515,0.38749796,-0.36681834,-1.2474165,-0.8291568,0.39999682,-0.11479835,0.4905376,-0.3472634
0.43283772,-0.22682554,0.06560342,-0.25636083,-0.001557904,-1.0557296,-1.3216588,-0.08727707,0.39999968,-0.18904394,0.6313816,-0.1422584
0.65170574,-0.30353102,0.4000002,0.1292906,-0.33354154,-0.3296971,-0.35987088,0.086011834,0.010055967,-0.086632274,0.6866659,-0.35432822
0.8097879,0.6593341,0.40000007,0.089150414,0.12092135,-0.5055467,-0.34919044,-0.28493783,0.0353201,0.22751205,-0.38783625,-0.71040624
0.3895694,0.8084748,0.016820876,0.1211521,0.386619,-0.3279871,-0.3454434,-0.63085145,0.13959971,-0.23553099,-0.3628027,0.08553762
0.48650154,0.3882577,0.29268166,0.101830736,0.38834676,-0.41718647,-0.7996405,-1.0429037,0.4000066,-0.1161655,0.07774163,-0.35653493
0.47384354,0.068371505,0.32558835,0.14237927,0.43899164,-0.2062803,-1.1550704,-0.9763723,0.39999452,-0.11749079,0.3959881,-0.38423333
0.48705268,-0.16780576,0.25203902,-0.064626254,0.28532112,-0.67334336,-1.3760331,-0.5040417,0.39995912,-0.15452124,0.60026246,-0.2718306
0.40831164,-0.33684045,0.3371675,-0.27266616,-0.29480055,-1.0540957,-0.9646056,0.28477573,0.23155124,-0.30065835,0.64336526,0.10077607
0.94313765,0.21184799,0.40000015,0.08426043,-0.13549614,-0.48473245,-0.35440674,-0.20597245,0.074965954,0.33194998,0.0050512147,-0.83262914
0.66488403,0.8211788,0.3565405,0.068204634,0.14710346,-0.48681697,-0.3361213,-0.3795694,0.010408349,0.12183318,-0.63794667,-0.57081896
0.39114946,0.7258857,0.033304833,0.111407496,0.3364609,-0.33388534,-0.35024896,-0.6256072,0.019556029,-0.2298406,-0.34795165,-0.010893052
0.49520135,0.4215781,0.2510173,0.084525205,0.3510749,-0.45818788,-0.6310496,-0.8948333,0.40000117,-0.14288902,-0.04805138,-0.32040662
0.49052727,0.14309356,0.2849219,0.14529604,0.42237192,-0.19374181,-1.0158045,-1.060893,0.3999997,-0.14270835,0.25932863,-0.37079483
0.45202503,-0.05913594,0.21251005,0.123748094,0.43018377,-0.31861934,-1.2405266,-0.811354,0.39995295,-0.1400379,0.48321337,-0.32052013
0.46501353,-0.18166874,0.060659315,-0.18466699,0.24044362,-0.89718366,-1.4225527,-0.31840575,0.3999326,-0.2254058,0.59034234,-0.1429167
0.4953937,-0.24620113,0.40000024,-0.036120858,-0.2856696,-0.59953195,-0.57175875,0.24153066,0.08001931,-0.2814239,0.6561334,-0.105694234
0.84764946,0.49537435,0.40000013,0.083203,0.050975934,-0.4692754,-0.28182217,-0.1731593,0.026309785,0.3332471,-0.20909457,-0.7141097
0.42708892,0.78337044,0.09310581,0.13046165,0.3491634,-0.26431122,-0.3038755,-0.5156409,0.011991422,-0.14752369,-0.4739618,-0.1374054
0.42406198,0.3459105,0.32764065,0.08264655,0.32833695,-0.46799058,-0.7444598,-0.97161335,0.39998126,-0.09913712,0.124476135,-0.35265455
0.46408337,0.04061674,0.37527907,0.10994305,0.38656718,-0.35877663,-1.137754,-0.9793973,0.39999697,-0.12586844,0.40652966,-0.34352964
0.4586688,-0.20949781,0.263392,-0.20821406,0.110492125,-0.8216047,-1.4055241,-0.38295472,0.3956866,-0.16639897,0.6098085,-0.1868884
0.36850402,-0.2953876,0.22754414,-0.2776209,-0.23667902,-1.0282404,-1.0174497,0.25703079,0.2644736,-0.27760372,0.6428559,0.11067702
0.99725163,-0.12508778,0.40000027,0.09033853,-0.14789921,-0.49997866,-0.30841833,-0.16240552,-0.0012037688,0.21019675,0.36641163,-0.83791226
0.83984864,0.6612799,0.40000007,0.12572262,0.08550717,-0.48413718,-0.33578807,-0.3212455,-0.014547372,0.15799294,-0.35852623,-0.74543625
0.5308874,0.93533474,0.16221179,0.1587826,0.28702813,-0.3648076,-0.35389844,-0.5232797,-0.055413403,-0.11742849,-0.4781252,-0.21974897
0.467391,0.4318118,0.30202308,0.11195952,0.3532642,-0.43831882,-0.6512927,-0.8841222,0.4,-0.10517496,0.007470064,-0.3820217
0.47480989,0.12719673,0.35470986,0.15866724,0.4351608,-0.2951798,-1.0643682,-1.0939741,0.40000042,-0.1104133,0.33389214,-0.42268535
0.46988857,-0.093060315,0.29020032,0.005269759,0.23455456,-0.5700277,-1.3174404,-0.6717187,0.4000003,-0.14456621,0.54284203,-0.34529266
0.4821882,-0.27571002,0.07973751,-0.30318117,-0.20946196,-0.9773803,-1.2255031,0.021152398,0.3973811,-0.25396845,0.67051643,-0.058627475
0.9738471,0.0031855204,0.4000002,0.011235579,-0.22572805,-0.5050236,-0.275718,-0.1268415,0.029609669,0.15482275,0.31390238,-0.77801543
0.7186753,0.755117,0.4,0.03970636,0.124187045,-0.51533026,-0.28148463,-0.3393557,0.013457722,0.123161994,-0.4323948,-0.69851977
0.52050215,0.85430133,0.097973384,0.08381998,0.34629014,-0.3350759,-0.29365662,-0.5246351,-0.11598121,-0.15818629,-0.59032303,-0.2971737
0.46503258,0.41929385,0.24491476,0.062794685,0.38020298,-0.35838127,-0.64480066,-0.9719844,0.4000474,-0.17988138,-0.003744945,-0.27753943
0.4862713,0.1683138,0.31629157,0.09494237,0.46887106,-0.18988948,-1.0642048,-1.0827553,0.4000012,-0.15695539,0.26812106,-0.362676
0.4763222,-0.058323573,0.26260146,0.1260152,0.52356744,-0.3169591,-1.2700679,-0.80153865,0.39996156,-0.16606654,0.5120002,-0.33374488
0.5015027,-0.24155629,0.053741023,-0.30133826,-0.0349312,-1.0197691,-1.3268683,-0.025438478,0.3971524,-0.2973318,0.6423482,-0.07055136
0.7424277,-0.34365568,0.40000018,0.026985774,-0.3217987,-0.34235868,-0.30845886,0.03992675,-0.02068661,-0.0782615,0.6454853,-0.4177251
0.9132246,0.4123546,0.4000001,0.044538148,0.06300778,-0.52380896,-0.27783504,-0.24536431,0.04646261,0.23290968,-0.123188905,-0.81059736
0.661776,0.8560346,0.3641154,0.06555247,0.2408116,-0.4248285,-0.28672406,-0.40255582,-0.016865484,-0.0024139206,-0.6300703,-0.5545236
0.42465305,0.64514226,0.07478012,0.06875396,0.3647499,-0.34952974,-0.33202687,-0.7673883,0.29757592,-0.21729489,-0.16634661,-0.07579302
0.51260114,0.31446692,0.28844652,0.08485537,0.4191721,-0.36350182,-0.86115617,-1.0779111,0.4000011,-0.14428374,0.18587479,-0.31223387
0.48095414,0.05194443,0.2847161,0.07495949,0.4019403,-0.34640327,-1.2569479,-0.88270736,0.3980154,-0.13520145,0.4361983,-0.30214936
0.49391717,-0.18734457,0.18479434,-0.23053809,0.083685614,-0.85132235,-1.4023653,-0.2816639,0.38485476,-0.19662061,0.60360175,-0.122880615
0.4711118,-0.31377292,0.3721892,-0.1793663,-0.2856135,-0.9415492,-0.81081694,0.28158948,0.16046634,-0.32159063,0.61746716,0.14084698
0.88285756,0.36424896,0.4000001,0.031167233,0.00526544,-0.5200062,-0.30995858,-0.2237673,-0.003484867,0.31458408,-0.10068369,-0.7661172
0.57151055,0.9305342,0.21549077,0.024447879,0.27211034,-0.45295748,-0.31484008,-0.4173046,-0.059130132,-0.04148478,-0.6382282,-0.45710334
0.41169456,0.5840816,0.14885016,0.07498166,0.33527532,-0.41712403,-0.37588286,-0.7708038,0.29361174,-0.21875514,-0.11376137,-0.21929091
0.45539597,0.3009041,0.31477472,0.075266816,0.3940895,-0.29892665,-0.8495368,-1.0947995,0.39999816,-0.17438048,0.17312887,-0.36642507
0.43826976,0.03485283,0.33367428,0.10616112,0.4251677,-0.18748705,-1.168059,-0.9614834,0.39999843,-0.17039004,0.42026454,-0.35858473
0.4358513,-0.1578203,0.26357362,-0.058886122,0.24392124,-0.5969346,-1.3588387,-0.61689496,0.39995998,-0.20297708,0.57775086,-0.25760886
0.38687354,-0.3043461,0.19554766,-0.27659807,-0.2085203,-1.0979608,-1.0883828,0.22803465,0.29978555,-0.32908124,0.6355057,0.05668542
0.9117531,0.31187806,0.40000015,0.056004405,-0.083805546,-0.5299846,-0.22295183,-0.17046538,0.010490468,0.2414604,-0.023331095,-0.8496695
0.6452368,0.90458065,0.3212136,0.09025121,0.15327725,-0.49729055,-0.25348952,-0.35587764,0.014764167,0.022306703,-0.6320948,-0.53352785
0.41155127,0.6161694,0.10708119,0.11480775,0.2636558,-0.43252754,-0.33688602,-0.7458843,0.2603356,-0.16806814,-0.20670918,-0.20372525
0.49988246,0.24214819,0.31954253,0.10401266,0.38282344,-0.34177342,-0.8752844,-1.0957559,0.3889767,-0.13087244,0.18545644,-0.3909223
0.49026754,-0.10871658,0.26525527,-0.05555341,0.19437031,-0.5903084,-1.3270061,-0.6528829,0.3999553,-0.16598567,0.51795435,-0.3126385
0.4922051,-0.24977762,0.08317108,-0.22652721,-0.009155647,-0.834138,-1.2883302,-0.20879152,0.3999532,-0.23506483,0.6421964,-0.093967155
0.8585089,-0.18528236,0.40000024,-0.003614223,-0.1963608,-0.4762293,-0.23458214,-0.088377826,-0.049895972,0.07341342,0.46748292,-0.6545601
0.72603935,0.86358786,0.38208395,0.014478612,0.17757267,-0.4996053,-0.2800736,-0.3307086,-0.06652819,0.10094973,-0.57616603,-0.61677885
0.36970422,0.6786232,0.068291076,0.046060625,0.33444303,-0.39467886,-0.3251577,-0.7138433,0.18886332,-0.17512695,-0.23000756,-0.091352604
0.48311907,0.26555714,0.342691,0.050953023,0.37191212,-0.35771286,-0.9498795,-1.100618,0.39999697,-0.12794888,0.16473046,-0.32179084
0.4727934,-0.00041333193,0.35043028,0.018552346,0.37032154,-0.39600947,-1.2405481,-0.90428454,0.39688906,-0.117077425,0.4189702,-0.30926883
0.4593399,-0.23515792,0.16824956,-0.25732952,-0.0076567163,-0.8792302,-1.3434597,-0.23400903,0.3953377,-0.17144762,0.62199736,-0.082767755
0.6314206,-0.32477888,0.40000024,0.035433225,-0.38060278,-0.23638383,-0.3278292,0.08804604,0.011076334,-0.07969839,0.62344676,-0.3622051
0.87550014,0.51299286,0.40000007,-0.0048853545,0.0586494,-0.4898922,-0.23107016,-0.32260567,0.05324436,0.28748447,-0.24683134,-0.77619946
0.6217672,0.93617076,0.20716569,-0.0014602711,0.29419774,-0.40946674,-0.25465298,-0.50921184,-0.011266321,-0.04951034,-0.6665401,-0.46508488
0.4355817,0.641822,0.12841286,0.0012639706,0.4131093,-0.35796654,-0.3678089,-0.8390551,0.36722276,-0.16639443,-0.18208544,-0.17366001
0.5135575,0.2857074,0.32542956,0.10403921,0.435835,-0.05482134,-0.84572667,-1.2452095,0.399049,-0.12337919,0.1950666,-0.3677829
0.4822938,-0.03331185,0.3138321,0.07184753,0.45373818,-0.41373125,-1.3082783,-0.86343604,0.39996344,-0.1054825,0.51474994,-0.35911843
0.4701756,-0.21440451,0.12130081,-0.28310242,-0.065465294,-1.1822035,-1.3001162,0.025405604,0.36901677,-0.19258049,0.6572066,-0.12722874
0.87885636,-0.11769556,0.40000018,0.053519815,-0.26863998,-0.49635097,-0.31044373,-0.15778092,0.050932165,0.21080804,0.34982562,-0.749654
0.70404315,0.82130533,0.37904328,0.05857961,0.10906809,-0.533031,-0.30370826,-0.37207133,-0.032160617,0.040842153,-0.5399611,-0.60786444
0.34529233,0.7218567,0.052008912,0.07774047,0.28057712,-0.4579579,-0.35361812,-0.6789775,0.19508292,-0.19633694,-0.28324625,-0.07271184
0.4778031,0.34210876,0.32663643,0.08558706,0.3918359,-0.36922875,-0.7771028,-1.0941442,0.3930474,-0.12003634,0.14134866,-0.40029174
0.4602043,0.040847003,0.34560543,0.10874008,0.38403457,-0.3006748,-1.1441543,-1.0292109,0.39997885,-0.12625946,0.429614,-0.39066318
0.46557438,-0.20480429,0.21745545,-0.22326392,0.0765002,-0.89596665,-1.4046757,-0.30388623,0.39995533,-0.18432376,0.6272165,-0.19548705
0.66046566,-0.31662837,0.40000018,-0.007424445,-0.31246376,-0.39880505,-0.22082989,0.0040191235,-0.11241382,0.040901702,0.66512495,-0.46135426
0.7865404,0.58170134,0.40000007,-0.022982791,0.121894665,-0.48796237,-0.33615237,-0.34761116,0.05080389,0.3306956,-0.4230058,-0.6468202
0.5787507,0.8862255,0.14035341,-0.025926622,0.3239087,-0.2890201,-0.3260589,-0.5632042,-0.044989266,-0.111192435,-0.658546,-0.3981626
0.4807332,0.5580725,0.19850129,0.027405284,0.3755383,-0.3526382,-0.4112951,-0.9206635,0.3791707,-0.21191567,-0.12912251,-0.18258472
0.50622123,0.1853674,0.40006557,0.023065414,0.44692388,-0.21586208,-1.030104,-1.1322086,0.3999961,-0.12180563,0.2365751,-0.36801764
0.4825054,-0.08481751,0.350052,0.005707175,0.4029696,-0.39263827,-1.3122084,-0.8142176,0.39998683,-0.118753515,0.51364756,-0.338228
0.49349543,-0.27165738,0.15719876,-0.28780198,-0.044335186,-0.9520442,-1.3534968,-0.10680943,0.38872766,-0.2131395,0.652535,-0.08865322
0.74749243,-0.27910638,0.4000002,0.004058246,-0.16347702,-0.4802168,-0.13674542,-0.0860449,-0.09578343,0.072438635,0.6181701,-0.4573738
0.8697073,0.55312806,0.40000004,0.0570681,0.18197812,-0.5372172,-0.30123416,-0.3745707,0.06916088,0.24895048,-0.31697047,-0.7565699
0.5833131,0.99029714,0.1612531,0.076318935,0.35209298,-0.37062365,-0.2824553,-0.526221,-0.038336642,-0.076539524,-0.55605185,-0.34518638
0.46870792,0.5269678,0.22195163,0.0265713,0.23677203,-0.49044132,-0.58154356,-0.94356894,0.3999879,-0.1252707,-0.02516535,-0.24424809
0.48137042,0.24363251,0.32936105,0.042537894,0.3266067,-0.4169099,-1.0257336,-1.0911294,0.40000123,-0.0869509,0.2650707,-0.3245242
0.46241406,-0.034685753,0.30838192,-0.015598867,0.38134864,-0.5015448,-1.3238406,-0.7939316,0.399952,-0.0928657,0.5041039,-0.25705808
0.44169828,-0.17026544,0.106182836,-0.2880718,0.017295588,-1.028146,-1.363531,-0.11829528,0.3999954,-0.19363545,0.604859,-0.015217118
0.4519929,-0.23264074,0.40000027,-0.083304726,-0.34650406,-0.6483652,-0.6447048,0.23495789,0.06503837,-0.22201821,0.6377232,-0.049671087
0.93403244,0.3119095,0.40000013,0.0851206,-0.101360835,-0.4661893,-0.2703761,-0.21588217,0.08361632,0.31226608,0.011679098,-0.8212021
0.6784363,0.86650366,0.366419,0.07694612,0.15663075,-0.45278552,-0.24847673,-0.3742,0.0023733655,0.099763505,-0.67702734,-0.59242743
0.4725182,0.825767,0.09719881,0.101190075,0.33788195,-0.32838243,-0.27405542,-0.53545094,-0.07879491,-0.118979186,-0.644968,-0.29873404
0.4465632,0.50189364,0.20229267,0.07185598,0.21450077,-0.4773706,-0.40639332,-0.8081462,0.3999931,-0.18225558,-0.108281866,-0.17090939
0.46759257,0.2728596,0.3097637,0.06635244,0.28974074,-0.43051502,-0.832046,-0.9992532,0.4000054,-0.13744885,0.12737043,-0.28715268
0.46379068,0.032164063,0.30505037,0.08269705,0.2934076,-0.3720191,-1.1155626,-0.93446255,0.39776748,-0.14872113,0.3561954,-0.26925313
0.44436678,-0.15325333,0.21685728,-0.017663999,0.20131287,-0.6081624,-1.311213,-0.6055249,0.3999539,-0.14683668,0.5441571,-0.18684229
0.4460473,-0.26825947,0.0553741,-0.30596814,-0.087416105,-1.0107422,-1.2850175,-0.013897322,0.37508562,-0.21962641,0.63883585,0.015523681
0.8206337,-0.3435123,0.40000018,0.06564289,-0.35314885,-0.38139892,-0.26152405,0.04411687,-0.17298986,0.014650709,0.60364497,-0.51932055
0.8634711,0.53887784,0.40000007,0.064540446,-0.04742134,-0.52144057,-0.3422474,-0.17567427,-0.051971897,0.23001792,-0.25298467,-0.7644614
0.59284925,0.85650915,0.32381448,0.03959113,0.17655359,-0.50634104,-0.34489897,-0.33416384,-0.0737115,0.040142033,-0.66262865,-0.5192391
0.4248185,0.78573734,0.03970675,0.055969972,0.34846362,-0.3634005,-0.38904166,-0.54612505,-0.067938305,-0.18291453,-0.41524717,-0.15101436
0.5057236,0.39325455,0.3119266,0.07043263,0.38029945,-0.45629808,-0.7154259,-1.0069445,0.40000546,-0.11477785,0.021191016,-0.30440074
0.4807417,0.100370325,0.35699934,0.08460699,0.42973205,-0.2786535,-1.1012746,-1.0409486,0.3813055,-0.092126094,0.31233576,-0.35307872
0.47919828,-0.17294618,0.27147087,-0.12884226,0.11466481,-0.6960797,-1.3735592,-0.47317606,0.3999999,-0.11774591,0.5687634,-0.25798234
0.564617,-0.3961984,0.40000015,-0.08190175,-0.31464648,-0.6805997,-0.6755522,0.20424859,0.10738338,-0.20059918,0.6283104,-0.021164188
0.88260084,0.55925506,0.40000007,0.0012443296,-0.0016916918,-0.52352935,-0.28202957,-0.3560531,0.0057643144,0.24461271,-0.30190462,-0.7880774
0.5363103,0.923943,0.1182577,0.053234678,0.27895534,-0.4189732,-0.31179324,-0.53436315,-0.12059528,-0.10521481,-0.56409097,-0.30122125
0.44681436,0.51361847,0.21657835,0.062221803,0.17798358,-0.51133657,-0.44691303,-0.8532058,0.40000412,-0.13143712,-0.07896237,-0.24552739
0.4735125,0.18179877,0.3297616,0.08931522,0.33352777,-0.37921867,-0.9665299,-1.0717933,0.4000015,-0.11802482,0.24953297,-0.33322528
0.461991,-0.11760377,0.28750488,-0.05626967,0.21170089,-0.61304253,-1.327622,-0.70322925,0.39994,-0.13780531,0.5076431,-0.2595753
0.47455463,-0.26422477,0.1014551,-0.28496236,-0.06809783,-1.0610644,-1.2409481,0.02331968,0.37677845,-0.23422429,0.61504155,-0.021227457
0.73697734,-0.18881145,0.4000002,0.06773505,-0.28364784,-0.4371054,-0.23676369,0.026473472,-0.11749469,0.110798866,0.512245,-0.5412958
0.7778839,0.6711178,0.40000007,0.066681676,0.103726104,-0.5594243,-0.30745974,-0.22204416,-0.03980826,0.22770746,-0.46697852,-0.64323545
0.6090224,0.7982819,0.29055253,0.037127648,0.24532257,-0.5177916,-0.31867322,-0.35781732,-0.020301595,0.003503786,-0.72501993,-0.5913866
0.5681447,0.7087607,0.18889724,0.025239406,0.36477187,-0.3846174,-0.3369186,-0.5152924,-0.04460349,-0.062195975,-0.67780393,-0.5552622
0.49365297,0.58509684,0.063646965,0.051622815,0.41014975,-0.23850846,-0.3264239,-0.77923185,0.17023157,-0.2737039,-0.13509884,-0.13756435
0.5509296,0.23879087,0.29026634,0.048743386,0.45451498,-0.20617142,-0.8727551,-1.1527966,0.4000023,-0.17888011,0.21988349,-0.363863
0.51386917,-0.0045646434,0.26347673,0.051205702,0.41097984,-0.3205861,-1.2118367,-0.88593066,0.39998016,-0.15074453,0.49202192,-0.36953303
0.5028546,-0.18506056,0.09496903,-0.27282497,0.12556934,-1.0315716,-1.40274,-0.19823161,0.3999618,-0.23072287,0.6310314,-0.1497145
0.74034035,-0.26143298,0.40000018,0.056766942,-0.3091813,-0.39021757,-0.23662268,0.060881484,-0.031354982,-0.065144025,0.61297524,-0.52991897
0.89293677,0.56781936,0.40000007,0.063457794,0.036001943,-0.5131356,-0.17536373,-0.21874644,0.007279696,0.19688669,-0.32008085,-0.7993061
0.49472514,0.8592489,0.1419261,0.11565019,0.28489164,-0.41006747,-0.22733387,-0.4668945,0.0071662623,-0.0845183,-0.61694735,-0.4232587
0.4512892,0.4802955,0.22816287,0.11145021,0.35611138,-0.38644513,-0.48517352,-0.9578491,0.3999797,-0.13242196,0.015021653,-0.25783575
0.47747764,0.13080397,0.3538656,0.12459009,0.45967895,-0.22372341,-1.0940886,-1.0863014,0.3999981,-0.08956055,0.3624365,-0.36004823
0.46706888,-0.08339404,0.30395293,0.03491431,0.464281,-0.48833394,-1.3639067,-0.7630188,0.3999988,-0.10285636,0.5591247,-0.2986152
0.4757392,-0.22476721,0.07052666,-0.35193166,-0.10113858,-1.1183605,-1.2684411,0.12959763,0.39225265,-0.26199558,0.6286891,0.016253596
0.9724565,-0.12459526,0.4000002,0.03447494,-0.12535867,-0.48798275,-0.30393758,-0.08018191,0.033288848,0.16771203,0.370537,-0.7550633
0.7527932,0.7577504,0.37874922,0.034879953,0.21426074,-0.4699764,-0.29604074,-0.31410274,0.015570816,0.1324704,-0.48739007,-0.6133383
0.49258226,0.9001695,0.12269517,0.07605003,0.37286592,-0.29042444,-0.31838176,-0.4968549,-0.041585654,-0.13094443,-0.5712978,-0.26079398
0.45460847,0.47181833,0.24031208,0.08765139,0.3012319,-0.45501402,-0.5561472,-0.9167038,0.40001476,-0.10087537,-0.067576475,-0.24727954
0.46671957,0.12418376,0.31148493,0.14011252,0.39272508,-0.24960294,-1.0264196,-1.0765395,0.4000037,-0.08507449,0.30072686,-0.33525845
0.46089,-0.08884246,0.24657239,-0.0602938,0.23355556,-0.7664884,-1.365578,-0.62017447,0.3999864,-0.10448231,0.5133121,-0.2756864
0.4793107,-0.27389026,0.12858576,-0.25846863,-0.22970466,-1.1430539,-1.0984482,0.19259675,0.32377908,-0.23609623,0.60268235,0.017904975
0.875587,0.12206605,0.40000015,0.0015885343,0.022336911,-0.5741026,-0.27804136,-0.1465372,0.03292774,0.27435172,0.18286298,-0.69332844
0.76345426,0.75448906,0.39923373,4.1324758e-05,0.24861139,-0.5156082,-0.28535804,-0.3308026,0.030935401,0.18086049,-0.52275896,-0.6269398
0.5687565,0.9143169,0.13692158,0.02711139,0.4072272,-0.34254497,-0.31967998,-0.52277315,-0.009717266,-0.12280134,-0.61469066,-0.35891697
0.5169091,0.47790924,0.25053313,0.044311985,0.40876806,-0.44692242,-0.58445054,-1.007545,0.39999864,-0.13051379,-0.06935822,-0.25720078
0.52194315,0.2288477,0.3201108,0.10422258,0.4374277,-0.20182525,-0.9047876,-1.2002664,0.4000027,-0.121862896,0.18100642,-0.31678915
0.48464298,-0.082117386,0.2822421,-0.037737593,0.2795724,-0.56798697,-1.3204093,-0.780138,0.39997357,-0.11347432,0.47506228,-0.2741743
0.46369466,-0.25666216,0.05587618,-0.34400296,-0.16926266,-1.1263111,-1.3074565,0.076537795,0.3999982,-0.21530354,0.5993124,0.006703787
0.8645452,-0.030335734,0.40000015,0.019090937,-0.19487022,-0.42111138,-0.18326451,-0.089824,-0.016725501,0.21260482,0.309345,-0.6841947
0.71967196,0.81001693,0.40000004,0.026319353,0.17770493,-0.4851178,-0.23515007,-0.3302868,-0.014709759,0.16699491,-0.6292488,-0.6408651
0.46739542,0.847592,0.08945277,0.060002044,0.3679158,-0.3520462,-0.29250783,-0.53278464,-0.035380818,-0.09078965,-0.5812528,-0.27400973
