1665735698020,-0.00552009743782122,-0.005461955981268358,1.3438594677919327,0.20188338820845347,0.08572522900398383,0.18234684276421037
1665735698061,-0.0052664674796307495,-0.005538344172590235,1.3435042339752035,0.2018548330142173,0.08357494637056817,0.17884650530662355
1665735698067,-0.0052664674796307495,-0.005538344172590235,1.3435042339752035,0.20187394894771804,0.08216694766667404,0.17655045724866336
1665735698098,-0.005209051852754676,-0.005396650442120689,1.34365604316178,0.20242367185340532,0.08574004606614388,0.1825747470250786
1665735698131,-0.005128791768863364,-0.005136345112664839,1.3443899671434287,0.20242367185340532,0.08574004606614388,0.1825747470250786
1665735698164,-0.005000352152563116,-0.005141781095512444,1.3445054903485414,0.20187394894771804,0.08216694766667404,0.17655045724866336
1665735698198,-0.0050246400469865695,-0.0052991148544228334,1.3441529491611115,0.20188338820845347,0.08572522900398383,0.18234684276421037
1665735698231,-0.005184766865455125,-0.005499770013023147,1.3443363055176614,0.20188338820845347,0.08572522900398383,0.18234684276421037
1665735698265,-0.00543494104289831,-0.005463823597071043,1.3447561813155169,0.20188338820845347,0.08572522900398383,0.18234684276421037
1665735698298,-0.005284379566770056,-0.005268932788236028,1.3448384323526568,0.20188338820845347,0.08572522900398383,0.18234684276421037
1665735698331,-0.005177627450938741,-0.005077583758373708,1.3447705769532656,0.20188338820845347,0.08572522900398383,0.18234684276421037
1665735698366,-0.005293602104354655,-0.005068470757195826,1.345050582946618,0.201849182022902,0.08375672975003295,0.17889601760928753
1665735698398,-0.005141137998535754,-0.005145170815143967,1.3454402730957469,0.20187394894771804,0.08216694766667404,0.17655045724866336
1665735698433,-0.004864525645241478,-0.005250097505226044,1.345447691665027,0.201849182022902,0.08375672975003295,0.17889601760928753
1665735698465,-0.004763248529569872,-0.005276131043969593,1.345337372958696,0.201849182022902,0.08375672975003295,0.17889601760928753
1665735698498,-0.0048396801425251625,-0.0051235140163278245,1.3455429509935322,0.20188338820845347,0.08572522900398383,0.18234684276421037
1665735698532,-0.0049101093372515645,-0.004993922921104064,1.3457461653928577,0.20188338820845347,0.08572522900398383,0.18234684276421037
1665735698565,-0.004978904612085899,-0.004948284670319696,1.3457343426402806,0.20188338820845347,0.08572522900398383,0.18234684276421037
1665735698598,-0.005046335387122901,-0.005024000851021889,1.3457755410487022,0.20188338820845347,0.08572522900398383,0.18234684276421037
1665735698631,-0.005141933496346975,-0.005138745404525463,1.3460758572694242,0.20188338820845347,0.08572522900398383,0.18234684276421037
1665735698665,-0.005126706218168287,-0.005175339372182754,1.346192519522424,0.20188338820845347,0.08572522900398383,0.18234684276421037
1665735698698,-0.0049178814546442795,-0.005153767110585087,1.3461837103198337,0.201849182022902,0.08375672975003295,0.17889601760928753
1665735698731,-0.004903995431211158,-0.005042845782016909,1.3463599034012514,0.201849182022902,0.08375672975003295,0.17889601760928753
1665735698765,-0.00501488732049031,-0.005014913420976734,1.3466597129443088,0.2018548330142173,0.08357494637056817,0.17884650530662355
1665735698800,-0.004972985549694012,-0.0050480585284734545,1.3468230072220417,0.20188338820845347,0.08572522900398383,0.18234684276421037
1665735698832,-0.005108820512881382,-0.005158176549757477,1.3468675600528661,0.20188338820845347,0.08572522900398383,0.18234684276421037
1665735698866,-0.005125780303716938,-0.005160199197834595,1.3469526392154667,0.20188338820845347,0.08572522900398383,0.18234684276421037
1665735698899,-0.005179842182080528,-0.0050301137109744175,1.3472190151336916,0.20188338820845347,0.08572522900398383,0.18234684276421037
1665735698931,-0.00509448395822204,-0.004900150270640194,1.3472927606915057,0.20188338820845347,0.08572522900398383,0.18234684276421037
1665735698965,-0.005107109570421474,-0.004932877403606054,1.3473288207649352,0.20188338820845347,0.08572522900398383,0.18234684276421037
1665735698998,-0.004957052893698104,-0.005032276320278618,1.3475682972472678,0.2018548330142173,0.08357494637056817,0.17884650530662355
1665735699033,-0.004871381661497445,-0.005131999856277502,1.347775075562329,0.2018548330142173,0.08357494637056817,0.17884650530662355
1665735699065,-0.004903662150385693,-0.005116823708479611,1.3478987312823658,0.201849182022902,0.08375672975003295,0.17889601760928753
1665735699099,-0.004886825633277368,-0.00495394246848626,1.3480125755455927,0.20188338820845347,0.08572522900398383,0.18234684276421037
1665735699132,-0.004975549793740579,-0.004898591337927191,1.3481947522348154,0.20188338820845347,0.08572522900398383,0.18234684276421037
1665735699166,-0.004972188168374086,-0.004958816123808072,1.3482548210074485,0.20188338820845347,0.08572522900398383,0.18234684276421037
1665735699199,-0.005455154718039368,-0.004752808691998192,1.3492564600702854,0.2018548330142173,0.08357494637056817,0.17884650530662355
1665735699233,-0.005415398021272184,-0.0038058361724936634,1.3496708431285835,0.20217156162519437,0.08377473419981352,0.17989075674360183
1665735699265,-0.0051375485390771905,-0.00420329305229288,1.3489824872349079,0.2029598822953695,0.08556497602639845,0.18248761288883064
1665735699301,-0.0042265759878584415,-0.004141390235052631,1.349118089096506,0.20375403970071904,0.08413209188300075,0.17958439158004047
1665735699332,-0.0034499389365861537,-0.0026929206743766957,1.3522532679394341,0.20427682249435983,0.08546455106695311,0.1822068933588165
1665735699365,-0.002150828685303352,-0.0011052508036202566,1.3536641833507328,0.2048178746872564,0.08313632460480663,0.17887218234591556
1665735699399,-0.0019142748133910217,0.0008913680503473341,1.3526698786577114,0.20482379327833913,0.08512281114068265,0.1821001814199873
1665735699432,-0.003489936093817406,0.001071762808490504,1.3515788756308404,0.20433446752632078,0.08352290140218777,0.18003439822162698
1665735699467,-0.004876269771859162,0.0019038986265242548,1.351843620002753,0.2045935252528126,0.08534988120361947,0.18323057523569697
1665735699507,-0.005145282196177505,0.0034036882447437524,1.3542109094221502,0.20484566429751225,0.08704144787803425,0.18595310668356846
1665735699532,-0.0036121892311060688,0.00489567254579762,1.3559936237573311,0.20535728264833136,0.08823850575931125,0.18858838427615088
1665735699568,-0.003993858704736624,0.005243197854068724,1.357840234228589,0.20540882915572636,0.08462723919983844,0.18322295574722802
1665735699599,-0.0061924068103785005,0.007726958911716106,1.3612947459037963,0.2059085027954098,0.08788692802410825,0.18894926029135278
1665735699649,-0.006891922493751558,0.008533674056357882,1.365980237340709,0.20622779115894568,0.08388154535736608,0.18318905648296646
1665735699682,-0.009799255287563813,0.008501223037202297,1.369108350013225,0.20671185024220917,0.08552405147921949,0.1855534884856696
1665735699715,-0.010753491828956272,0.009670213454331732,1.371671729504244,0.20677398704800284,0.08372977825626726,0.1833910253360992
1665735699743,-0.010768990895073905,0.00867438280953701,1.3735987435658437,0.2073029609366524,0.08567272091068695,0.1869657916401466
1665735699766,-0.012107420315175735,0.006807587838531198,1.3748341159634128,0.2075724000294606,0.08539103448642599,0.18697932851375415
1665735699816,-0.019396482636994877,0.004787408102668734,1.3746275412911813,0.20754586970233557,0.08661776496249429,0.18968858971119334
1665735699836,-0.02193631355797828,0.004928212586457784,1.3740932523289153,0.2076244251196977,0.08463285421343797,0.18771784355767357
1665735699867,-0.024568458212104186,0.006498596730358879,1.3740437152414053,0.20812318913931552,0.08588873931991614,0.19041615612139867
1665735699899,-0.026042678789384377,0.010679986288574287,1.3743620335053464,0.2090099751621745,0.08439980388601565,0.189174267688617
1665735699932,-0.02289822349288162,0.012935475110659511,1.375782016537358,0.2100068646552021,0.08548795357100375,0.1910664184776007
1665735699966,-0.018522334573221038,0.012847662951790356,1.3785100846270688,0.21183034235065318,0.08543695582538419,0.1903403134941659
1665735700000,-0.012975179077526912,0.010893366326918643,1.383808029416457,0.2133848050622958,0.08591236151864129,0.1902297008131788
1665735700033,-0.008740028677176862,0.008753225250751409,1.3871339754588057,0.21475925241791874,0.0846210984447488,0.18706943921419183
1665735700066,-0.00623596258215728,0.0075388196507488025,1.3899566562511536,0.21606240485973072,0.08487663659295452,0.18638409312133647
1665735700099,-0.00662493456291038,0.006128994301037114,1.392352320936418,0.21682243951748054,0.08493032868052497,0.18542094493142225
1665735700133,-0.006277546347147612,0.005372894215060494,1.3927702885429634,0.2176232421523269,0.08530569619568201,0.18595322741223885
1665735700166,-0.00526787737753836,0.0048629513756147805,1.3933738956783774,0.21803871145544834,0.08698613976638603,0.1883771094210372
1665735700200,-0.005532130300038764,0.003911546375226969,1.3933327878447634,0.2182332309235245,0.08371428436657613,0.18235096169772297
1665735700233,-0.003378216103633217,0.0031151042023581724,1.392743790606057,0.21852544482516786,0.08764931174057589,0.18768789941668923
1665735700266,-0.002229754251005828,0.0017808828081012742,1.3916848574128227,0.21832091391421476,0.08629558045000058,0.18428239408801267
1665735700300,-0.0024944469295162075,0.0004311116377158579,1.3898909932096437,0.21824366062733436,0.08351212401751068,0.17852349512544213
1665735700333,-0.0024600907440008417,-0.0004645709545268277,1.388270040876176,0.21802214060618075,0.08722344087051148,0.1840883745123143
1665735700366,-0.002087845148570997,-0.0011466939782307454,1.386855999073974,0.218021777073222,0.08731411497612507,0.18398467763125365
1665735700399,-0.0024238511145659855,-0.0011109937990861547,1.3856266796776306,0.21826818512527282,0.08715478546850564,0.1832079555464005
1665735700433,-0.0021534037730137905,-0.0010536204883881389,1.384941330383002,0.21825514076105265,0.08726373245396107,0.18314247080504403
1665735700466,-0.0016940725947784173,-0.0014928205940775863,1.3840026954373519,0.218635085895947,0.08564504561116815,0.18046971510524124
1665735700500,-0.0015024296652852577,-0.0016201489801768412,1.383346270350262,0.21853786602960393,0.08761287331180756,0.1836861743666911
1665735700533,-0.0014571161592676614,-0.0028414389300616912,1.382019845437322,0.21833222007036887,0.0861271819472928,0.18028410802742711
1665735700566,-0.001874560950739859,-0.004946193083752351,1.3798017066459063,0.2181098910438752,0.08984555847018144,0.18564280015738227
1665735700600,-0.0024819424417219836,-0.006629786411128283,1.3777454980845216,0.21775943632251882,0.08673374109862403,0.17957258763215556
1665735700633,-0.002858834909022966,-0.008170004615126281,1.3768834740749971,0.21737206665148384,0.08861214386107857,0.18194623715234876
1665735700666,-0.0023737366708762864,-0.008770681423151017,1.3764701788488423,0.21720033303571526,0.08719787711776422,0.1791263222053467
1665735700700,-0.0022100542755678293,-0.009545337718436799,1.3755691269459418,0.21720033303571526,0.08719787711776422,0.1791263222053467
1665735700733,-0.0026783031540808114,-0.009710054305041845,1.3750585903275263,0.21720033303571526,0.08719787711776422,0.1791263222053467
1665735700766,-0.0031005730447822297,-0.008946433377433423,1.375480484209303,0.2176431683093917,0.08896554714485522,0.182502391564539
1665735700800,-0.002850632877528977,-0.00845991787223336,1.375918156546685,0.21773323091812696,0.08711692326162501,0.1792011825064022
1665735700833,-0.002656167621901261,-0.008377788463729108,1.3755151042565068,0.21790165482478058,0.0886276171529643,0.18192421487762006
1665735700866,-0.0025849930967465923,-0.00807650106121575,1.3749500450463925,0.21790165482478058,0.0886276171529643,0.18192421487762006
1665735700900,-0.0027166762309998927,-0.008318257632732477,1.3744578678213817,0.21816394061492247,0.08867855603331842,0.18173125291700637
1665735700933,-0.0024714740413081817,-0.008251007244895822,1.3741866814761892,0.218150968108506,0.08878766659886073,0.18166610619404655
1665735700966,-0.0025622593691900695,-0.008343285009919888,1.373651062666184,0.21787590278942082,0.08898770742672091,0.18176632541930182
1665735701000,-0.002661420191146313,-0.00842859205662462,1.3732564312794038,0.21771970251380782,0.08731645735029159,0.1790285338725927
1665735701033,-0.0026598897170227094,-0.008041880943360127,1.3732640538080787,0.217733147283327,0.08721236119587267,0.17910237065474088
1665735701067,-0.002478383345413166,-0.00815773851762326,1.3732803758258507,0.217733147283327,0.08721236119587267,0.17910237065474088
1665735701100,-0.001405553094441796,-0.008431363464519993,1.3734554842131879,0.21790165482478058,0.0886276171529643,0.18192421487762006
1665735701133,-0.0009509113610396586,-0.008714055989458357,1.3735088652892917,0.2177593656189915,0.08682923053854424,0.17947385015201855
1665735701167,0.00030370344053097336,-0.010599319582821782,1.3730203831347467,0.2174904777830589,0.08671749909646215,0.17956990674627993
1665735701200,-0.00021570828365733075,-0.012154936571383753,1.369791386837967,0.2173117064537051,0.09006992695147081,0.18582406126363654
1665735701233,-0.0009131427722190138,-0.01371946045486315,1.365879786559814,0.21716594458342214,0.08826687538378208,0.18337002522126178
1665735701267,-0.0016288860305060167,-0.014336843171567344,1.3619052384598143,0.21702806274864425,0.08586606836957134,0.18070890019859248
1665735701300,-0.001947883001758238,-0.013080421470500894,1.35835668226368,0.21738920601480644,0.08893641248470413,0.18692303248553788
1665735701334,-0.002097001122108371,-0.011188868537875832,1.3560261419086654,0.21792728000045453,0.08877754134389065,0.18710814194749958
1665735701367,-0.002160068730815638,-0.00939925061048816,1.3546330653781766,0.21874487055417313,0.08851296705102857,0.18758753591682642
1665735701400,-0.0031289047445811047,-0.009138891650430445,1.3539724970802145,0.21952981131030405,0.08846666784384488,0.18720164179293386
1665735701437,-0.0017956644764971878,-0.009144717814914017,1.353270412731721,0.2205940857940212,0.08839438528474858,0.18723113076493786
1665735701474,-0.0015854314044583056,-0.01035231851332529,1.3526406974868563,0.22147542350166663,0.08693615042540914,0.1838002206517536
1665735701519,0.00026948761839691273,-0.012022843985990106,1.3505199918790232,0.22226963293169086,0.08741705090534496,0.18425859011801138
1665735701549,-0.0008317674120724266,-0.010599688343482868,1.3493004652592933,0.2231704544854694,0.08934497366100064,0.18633039309961513
1665735701577,-0.0010485181720524387,-0.009597941536569541,1.3484723278740094,0.2236703550644005,0.08959875691576252,0.18596548920732414
1665735701610,-0.0005049643603165056,-0.009705454345498814,1.347973240105612,0.2237778364011878,0.08848856367396457,0.1831517379664181
1665735701644,-0.0017468800091220028,-0.010147334638141412,1.3483041775602211,0.22336904359474913,0.08684616397878558,0.17950034325377556
1665735701677,-0.0030778975578079257,-0.010922206665944437,1.3489048327643438,0.22268209174280898,0.08910263637173332,0.1825210739052408
1665735701700,-0.0032504862056823096,-0.011744455591408734,1.3499978206146641,0.22227729066618532,0.08720598282407738,0.17918620733058277
1665735701751,-0.0032302815798232057,-0.012026926018139398,1.3501998001095608,0.22214086210209347,0.08940840329017408,0.18232092130501903
1665735701784,-0.0035579383167761596,-0.011688842315554619,1.3500482995309844,0.22186224754822761,0.08911741505824777,0.18162228849121492
1665735701811,-0.0036626953734625084,-0.010535399055162698,1.3496497381354244,0.22199974511409828,0.08751532603008705,0.17921778152131773
1665735701851,-0.0036789934041362945,-0.009189926887452553,1.3485778306644174,0.2218682327562433,0.08567080714310754,0.17669854166418425
1665735701883,-0.0030226315311309092,-0.008636812086536971,1.3476895566577571,0.22188896790154758,0.08883470607831584,0.18190693706199446
1665735701908,-0.002891098314385372,-0.008240879624597295,1.3470139298151724,0.22134634614968127,0.08553266034685703,0.17677580599150977
1665735701941,-0.003867092081678451,-0.007847334965882947,1.3453470151250324,0.22041501689117182,0.08719394531251606,0.17958864615370768
1665735701977,-0.006352693645969273,-0.008087916543272048,1.3456854991921818,0.2199095246762899,0.08686116760705714,0.17984353529703773
1665735702001,-0.007440394383805459,-0.006692334563280736,1.3470573164456638,0.2192416289854587,0.0845767814998919,0.17716596805331336
1665735702051,-0.007610164769889841,-0.0035614300024571833,1.3448977299154257,0.21889695482862798,0.08606965507806502,0.18063916854489287
1665735702082,-0.00784644945343281,-0.0037217874304221895,1.3441864330051445,0.21926800533117047,0.08419102425593178,0.1775396764985397
1665735702106,-0.007491999883241341,-0.003714632170019152,1.3446527552678804,0.21950697482511466,0.08438516637388954,0.17708509172951842
1665735702141,-0.006912291990021148,-0.005493380569653417,1.3465740225968208,0.22002986797437374,0.08464620762676539,0.17670550574630084
1665735702168,-0.0062564983330857865,-0.0056518175576887285,1.34698019641407,0.22030094763160257,0.08512226305311488,0.1772042229667221
1665735702202,-0.005413597408287827,-0.005968303823658459,1.3464341232631487,0.22097365544291994,0.08682484294589715,0.1799347564307076
1665735702239,-0.005319144886828612,-0.0045236715675028355,1.346255946782586,0.22098767535366579,0.08659918084758889,0.18007241705223914
1665735702285,-0.0054278626365005704,-0.004017273714711223,1.3472460081005095,0.22100075752727247,0.08650287206255791,0.18015989010887667
1665735702319,-0.005445745071273943,-0.004711928998434653,1.3467219591045132,0.22045513923318347,0.0865855301972186,0.18009771414637288
1665735702342,-0.00573214149235116,-0.005311829319230611,1.3463381618423433,0.2199226124384358,0.0865716512299638,0.18012261070623392
1665735702368,-0.006039196134909057,-0.005529085465901794,1.346209692282055,0.21960521289291,0.08311954832619523,0.1742423516035615
1665735702401,-0.00655345642652307,-0.005360696085071726,1.3470432919696915,0.21937780655708944,0.08668358748880595,0.18010762813943615
1665735702434,-0.0064645117824452866,-0.004497921865730215,1.3473457197572334,0.2199357265795393,0.08647822129439414,0.1802147555224758
1665735702468,-0.006200983479296599,-0.00404457187762786,1.3471979254087199,0.22017084651827792,0.08282254962383628,0.1744607200052069
1665735702501,-0.005625096695637985,-0.004133231350146604,1.34743746165596,0.22045513923318347,0.0865855301972186,0.18009771414637288
1665735702535,-0.0051800768932866266,-0.004659642619111924,1.347915355088351,0.2205537205150467,0.08480266417915394,0.17666690758575776
1665735702569,-0.004817496499312862,-0.005300368911739674,1.3482752159031728,0.22055286701677257,0.08487221473780632,0.17652458742600224
1665735702602,-0.004944284865227266,-0.005394626735771237,1.3480785031237494,0.22044119449213678,0.08681102159907572,0.17995976232387445
1665735702636,-0.005221921050407225,-0.004906981080456159,1.347811797551066,0.22046823437564675,0.08649068405888632,0.18018754213191673
1665735702669,-0.005620070632075007,-0.004221419051298956,1.3480240607457246,0.2199226124384358,0.0865716512299638,0.18012261070623392
1665735702702,-0.005821930450781097,-0.00413354407591106,1.348102949869396,0.2199357265795393,0.08647822129439414,0.1802147555224758
1665735702736,-0.005778338021422295,-0.0044004759924246364,1.3481053863613888,0.2199226124384358,0.0865716512299638,0.18012261070623392
1665735702769,-0.005847577344734301,-0.004931581557324484,1.348293054413624,0.2199226124384358,0.0865716512299638,0.18012261070623392
1665735702802,-0.0056068931473022094,-0.004859946280858614,1.3486624530068954,0.22017983318672066,0.08684923054567578,0.1805533937640194
1665735702836,-0.005525821673272675,-0.004424552321868613,1.3488952265922205,0.22045513923318347,0.0865855301972186,0.18009771414637288
1665735702869,-0.005164724866953893,-0.004001583301243795,1.3489496175025497,0.22045513923318347,0.0865855301972186,0.18009771414637288
1665735702903,-0.0051673786285654786,-0.00404868420491331,1.3490344406101205,0.22045513923318347,0.0865855301972186,0.18009771414637288
1665735702936,-0.005071123978628205,-0.004188133980568844,1.3492651571734444,0.22045513923318347,0.0865855301972186,0.18009771414637288
1665735702969,-0.005164109539749662,-0.004557716639368491,1.3493785016889484,0.22003659092220965,0.0850816933668842,0.17767340345425764
1665735703003,-0.005433936948706367,-0.004591454091161976,1.3492385928263624,0.2199226124384358,0.0865716512299638,0.18012261070623392
1665735703036,-0.0057420464571625125,-0.004330032357797551,1.3492199756652925,0.2199226124384358,0.0865716512299638,0.18012261070623392
1665735703069,-0.0059697862874554045,-0.00394969759918821,1.3494309051075841,0.2199226124384358,0.0865716512299638,0.18012261070623392
1665735703103,-0.005838937113537276,-0.003921576057550399,1.3495206209829762,0.22019188375866572,0.08669048350149616,0.18053884174692109
1665735703136,-0.005818830245428902,-0.004075645731242239,1.3496643328859417,0.22045513923318347,0.0865855301972186,0.18009771414637288
1665735703170,-0.0057827876158774,-0.004382012693030064,1.3499043542302227,0.22044189567642505,0.08673281362822716,0.18008602287277803
1665735703203,-0.005687888948180536,-0.004432797761744117,1.350071097444831,0.22056649966184783,0.08466041294403176,0.17668075526446103
1665735703236,-0.0058489714734550795,-0.004420180736643946,1.350182656995598,0.22045513923318347,0.0865855301972186,0.18009771414637288
1665735703270,-0.005885389123420961,-0.0039921862692373624,1.3502259081259322,0.22045513923318347,0.0865855301972186,0.18009771414637288
1665735703303,-0.005947623523988619,-0.004059462494640594,1.3502658383894395,0.22019188375866572,0.08669048350149616,0.18053884174692109
1665735703336,-0.006136919088992222,-0.004113755212673988,1.3503872697457588,0.2199226124384358,0.0865716512299638,0.18012261070623392
1665735703368,-0.006392738009413524,-0.004233028939767919,1.3505374778025176,0.21991028110059974,0.0866990642436064,0.18008532913231534
1665735703403,-0.006345150239432308,-0.004239277682106695,1.3507067066777623,0.22003659092220965,0.0850816933668842,0.17767340345425764
1665735703436,-0.0063525743740256504,-0.004200632677369108,1.3509075677581237,0.22045513923318347,0.0865855301972186,0.18009771414637288
1665735703469,-0.006152604460367386,-0.0040919195330484095,1.3511311599653604,0.22045513923318347,0.0865855301972186,0.18009771414637288
1665735703503,-0.00607654632698077,-0.004185122080334704,1.351201808431934,0.22045513923318347,0.0865855301972186,0.18009771414637288
1665735703536,-0.006087637254940319,-0.004371874237433365,1.3513354879865684,0.22045513923318347,0.0865855301972186,0.18009771414637288
1665735703568,-0.006176679062467045,-0.004474107719008727,1.3513886208052013,0.22056649966184783,0.08466041294403176,0.17668075526446103
1665735703603,-0.006269199798384011,-0.004492612068050112,1.3515514830191762,0.22003659092220965,0.0850816933668842,0.17767340345425764
1665735703635,-0.006252419788764983,-0.004406094896345928,1.3515985818388652,0.2200493496559242,0.08495350899547477,0.1777098931359925
1665735703669,-0.006370218064593092,-0.004287291183049138,1.3517358234971388,0.22019188375866572,0.08669048350149616,0.18053884174692109
1665735703704,-0.006441979028815477,-0.0043676571476242,1.3518182240705707,0.22019188375866572,0.08669048350149616,0.18053884174692109
1665735703737,-0.006398662863175918,-0.004475977278704833,1.351946051681531,0.2200493496559242,0.08495350899547477,0.1777098931359925
1665735703770,-0.0063491952819232,-0.004638975307182927,1.3521430244800727,0.22056649966184783,0.08466041294403176,0.17668075526446103
1665735703802,-0.0062413730494339115,-0.00469755023635686,1.3522720494269724,0.22045513923318347,0.0865855301972186,0.18009771414637288
1665735703835,-0.00629390212099575,-0.004589283839033864,1.352317952075309,0.22045513923318347,0.0865855301972186,0.18009771414637288
1665735703870,-0.006275545870360193,-0.004505610767244282,1.3523882845643898,0.22031428150463228,0.08460495352965242,0.17711616452420526
1665735703902,-0.006229279069690167,-0.004573187585740357,1.3524492297046193,0.22030151029735065,0.0847390026421811,0.17708908155260877
1665735703935,-0.006229109607787773,-0.004641739262275264,1.3524841745479421,0.22003659092220965,0.0850816933668842,0.17767340345425764
1665735703970,-0.006181892635481058,-0.004533418687476418,1.3526168895420965,0.22003659092220965,0.0850816933668842,0.17767340345425764
1665735704003,-0.006196765287511073,-0.004444893909703058,1.352581143097534,0.22003659092220965,0.0850816933668842,0.17767340345425764
1665735704037,-0.006190138280114103,-0.004378479931984924,1.352695241260655,0.22030151029735065,0.0847390026421811,0.17708908155260877
1665735704070,-0.006217626110641163,-0.004112980985451047,1.352829356780358,0.22045605867242646,0.0865035567271556,0.18021676484407473
1665735704102,-0.006171241716885303,-0.004180570188335941,1.353017425352817,0.22045513923318347,0.0865855301972186,0.18009771414637288
1665735704135,-0.0060272481712879645,-0.004206192989188948,1.353185629072545,0.22045513923318347,0.0865855301972186,0.18009771414637288
1665735704169,-0.00594541748197004,-0.004290479989247665,1.353149308012555,0.22045513923318347,0.0865855301972186,0.18009771414637288
1665735704202,-0.006006474297340163,-0.004330029878760644,1.3532234093167552,0.22030151029735065,0.0847390026421811,0.17708908155260877
1665735704236,-0.006136888651424757,-0.004296036294576314,1.3532388327734173,0.22017983318672066,0.08684923054567578,0.1805533937640194
1665735704270,-0.0061084618074071775,-0.004294826147570275,1.3531962951774648,0.22019188375866572,0.08669048350149616,0.18053884174692109
1665735704302,-0.006043413515232542,-0.004329161336269661,1.3532815943831438,0.22030151029735065,0.0847390026421811,0.17708908155260877
1665735704341,-0.005909460384987772,-0.004447398864753664,1.3533660133309537,0.22031452856623054,0.08489363746339051,0.1773410546503867
1665735704370,-0.005893265365038049,-0.004398459928877167,1.3535229618321853,0.22045605867242646,0.0865035567271556,0.18021676484407473
1665735704403,-0.005931031675894737,-0.004450363863127923,1.3536243067468385,0.22045513923318347,0.0865855301972186,0.18009771414637288
1665735704440,-0.005898574610349229,-0.004362057897931162,1.3536816679605468,0.22045513923318347,0.0865855301972186,0.18009771414637288
1665735704469,-0.0058876896563367954,-0.004278720773831132,1.3537179833199164,0.22045605867242646,0.0865035567271556,0.18021676484407473
1665735704502,-0.005917093196372413,-0.004308736613654934,1.3537115173671195,0.2201585303719367,0.08297854461464177,0.1742202627278634
1665735704536,-0.005857882987939325,-0.0042574254217096165,1.3537082548803046,0.2201585303719367,0.08297854461464177,0.1742202627278634
1665735704569,-0.005909457871316522,-0.004254856620214985,1.3538143757500696,0.22003659092220965,0.0850816933668842,0.17767340345425764
1665735704619,-0.005806430586556808,-0.004230903858965773,1.3539358484832198,0.22003659092220965,0.0850816933668842,0.17767340345425764
1665735704651,-0.005839496889493274,-0.004112521511240695,1.354038157971461,0.22030151029735065,0.0847390026421811,0.17708908155260877
1665735704684,-0.005869624912653567,-0.004094095977690246,1.3540763390553323,0.22030151029735065,0.0847390026421811,0.17708908155260877
1665735704712,-0.005874424008553071,-0.004103736213768828,1.354220872961184,0.22045605867242646,0.0865035567271556,0.18021676484407473
1665735704736,-0.005866829383102887,-0.0041114678718536255,1.3542351457868689,0.22045605867242646,0.0865035567271556,0.18021676484407473
1665735704787,-0.006122835717270119,-0.004120240206030033,1.3543609005265393,0.22056726754444275,0.084591638810256,0.1768243549841414
1665735704818,-0.006079054660008334,-0.004066042610068335,1.3543916688055024,0.22017983318672066,0.08684923054567578,0.1805533937640194
1665735704849,-0.006198180467565637,-0.004139271446965018,1.354573005169791,0.22003659092220965,0.0850816933668842,0.17767340345425764
1665735704876,-0.006115128559937383,-0.004239386036671715,1.3546404678030803,0.22003659092220965,0.0850816933668842,0.17767340345425764
1665735704908,-0.006135010562469386,-0.004291279553494083,1.354619561763659,0.22003659092220965,0.0850816933668842,0.17767340345425764
1665735704936,-0.006196094204724252,-0.004401603527677116,1.3547348921665179,0.22030151029735065,0.0847390026421811,0.17708908155260877
1665735704970,-0.006217308807121066,-0.004400215555769476,1.354893805736728,0.22045605867242646,0.0865035567271556,0.18021676484407473
1665735705007,-0.006172681542920895,-0.0043644296624393095,1.3548631410717613,0.22030151029735065,0.0847390026421811,0.17708908155260877
1665735705036,-0.006258630236145414,-0.004386819276485583,1.3549278966286031,0.2200493496559242,0.08495350899547477,0.1777098931359925
1665735705070,-0.006321356036638822,-0.004515680601363467,1.3549544801145827,0.22030151029735065,0.0847390026421811,0.17708908155260877
1665735705105,-0.006417975886449959,-0.004502929726731905,1.3549666353016583,0.22003659092220965,0.0850816933668842,0.17767340345425764
1665735705138,-0.006463685670171623,-0.004484455069286315,1.3551278797532507,0.2201585303719367,0.08297854461464177,0.1742202627278634
1665735705170,-0.006402999119491752,-0.004540834852668314,1.3553066715611346,0.22003659092220965,0.0850816933668842,0.17767340345425764
1665735705203,-0.006401360076106465,-0.004533486664726637,1.3553912941302078,0.22030151029735065,0.0847390026421811,0.17708908155260877
1665735705237,-0.0064195115976374995,-0.004465224945399702,1.3554691532933427,0.2201585303719367,0.08297854461464177,0.1742202627278634
1665735705270,-0.006348907667269332,-0.004461717443188349,1.3556213775091546,0.22045605867242646,0.0865035567271556,0.18021676484407473
1665735705310,-0.00631940674198473,-0.004553051286513969,1.3557645359547956,0.22031491387182447,0.08477969012980607,0.17740996145614302
1665735705345,-0.006329048133378039,-0.004573559193165003,1.3558190465627218,0.2201585303719367,0.08297854461464177,0.1742202627278634
1665735705372,-0.0062550413554752935,-0.004591241809261003,1.3558211803350126,0.22030151029735065,0.0847390026421811,0.17708908155260877
1665735705408,-0.006125994886300794,-0.004566030161204136,1.3559144329617088,0.2200493496559242,0.08495350899547477,0.1777098931359925
1665735705439,-0.006116605401352745,-0.004536089282343488,1.3560753354228543,0.22017983318672066,0.08684923054567578,0.1805533937640194
1665735705472,-0.0060984181410238805,-0.004635169798456581,1.3562479975629382,0.22003659092220965,0.0850816933668842,0.17767340345425764
1665735705503,-0.006186301829331808,-0.004546685642847195,1.3562122495279232,0.22030151029735065,0.0847390026421811,0.17708908155260877
1665735705537,-0.006286873485721982,-0.004602197966998928,1.356309512892227,0.22030151029735065,0.0847390026421811,0.17708908155260877
1665735705570,-0.00629312575890415,-0.004621206657841903,1.3563850508776183,0.22003659092220965,0.0850816933668842,0.17767340345425764
1665735705604,-0.006264827310219348,-0.004580408178086829,1.3563839611133717,0.22003659092220965,0.0850816933668842,0.17767340345425764
1665735705654,-0.00629660355037095,-0.004517066142144229,1.3563556857521426,0.22030151029735065,0.0847390026421811,0.17708908155260877
1665735705690,-0.0063107413249224075,-0.004447519418294246,1.3564075591007776,0.22003659092220965,0.0850816933668842,0.17767340345425764
1665735705709,-0.0062602167858680875,-0.004489030684368372,1.356379097553488,0.2201585303719367,0.08297854461464177,0.1742202627278634
1665735705758,-0.006177521544404997,-0.004551427968379533,1.3563908272219836,0.22003659092220965,0.0850816933668842,0.17767340345425764
1665735705775,-0.006129251528566405,-0.0044968614538935334,1.3564412948832358,0.22031491387182447,0.08477969012980607,0.17740996145614302
1665735705804,-0.006148174398373959,-0.004493214145462021,1.356476651695957,0.22003659092220965,0.0850816933668842,0.17767340345425764
1665735705838,-0.006101645596751515,-0.00452989344851214,1.3565771689058632,0.22003659092220965,0.0850816933668842,0.17767340345425764
1665735705887,-0.006083200064924195,-0.004631552598346092,1.3566557938226564,0.22017983318672066,0.08684923054567578,0.1805533937640194
1665735705919,-0.006259719742409548,-0.0047701195954718304,1.3568192966841328,0.2201585303719367,0.08297854461464177,0.1742202627278634
1665735705944,-0.006376471529972826,-0.004807779741769638,1.3568718840076988,0.22017983318672066,0.08684923054567578,0.1805533937640194
1665735705978,-0.006372805191931903,-0.00479469505364523,1.356924350587638,0.22003659092220965,0.0850816933668842,0.17767340345425764
1665735706011,-0.006260873310965955,-0.004868471874160347,1.3570326810848063,0.22003659092220965,0.0850816933668842,0.17767340345425764
1665735706044,-0.00643192933131112,-0.004748511510060872,1.3571000701171572,0.22003659092220965,0.0850816933668842,0.17767340345425764
1665735706080,-0.006364350071259027,-0.004766921155098515,1.3571317472062303,0.2201585303719367,0.08297854461464177,0.1742202627278634
1665735706121,-0.0062990472648686655,-0.004786306367092553,1.3571414865146578,0.22003659092220965,0.0850816933668842,0.17767340345425764
1665735706148,-0.005926454697861054,-0.004790016417452711,1.3570407404652034,0.22030151029735065,0.0847390026421811,0.17708908155260877
1665735706173,-0.007907628858405335,-0.009385030954758976,1.3568545522880568,0.2200426480053758,0.08447183536928038,0.17692286767646365
1665735706205,-0.012755120437689537,-0.01750342941080181,1.3586861875655596,0.2196276265794204,0.08679766385353282,0.17952429418815075
1665735706237,-0.026854629100187797,-0.027957127299430888,1.3541727780484183,0.21777770355484136,0.08681094977224241,0.17667634221235157
1665735706270,-0.05456409552901634,-0.053419481632361605,1.3537748096212079,0.2148602169631424,0.08575948833572211,0.17646269604108056
1665735706304,-0.06628633186981296,-0.0646557964946169,1.3561520784018013,0.21026882572984565,0.08868797474808093,0.1836935909823737
1665735706337,-0.05280012952857803,-0.06746468052241293,1.3572950596256963,0.20380611595022924,0.07501392552478803,0.1667373494117681
1665735706371,-0.03216211914805183,-0.0307950566953053,1.3614687508969916,0.0,0.0,0.0
1665735706406,-0.03738514030525389,-0.017826758469412344,1.3640686126979749,0.19856379874396474,0.06864071531519789,0.17591061770489153
1665735706462,-0.034203701254924515,0.0005595157057733371,1.3469743808779313,0.20011152802890378,0.06741640751648281,0.17863077085286067
1665735706485,-0.0304510365654339,0.005430772889485767,1.3393616405344968,0.2032987747374126,0.05927731231180394,0.1748879227315172
1665735706504,-0.026002570895336873,0.008535622285360948,1.3381295006699114,0.0,0.0,0.0
1665735706537,-0.03630856895839726,0.01619108651142035,1.3442155881261098,0.21054095255187918,0.0490427207114989,0.18352853995133922
1665735706570,-0.04123014138217701,0.02991267611815557,1.3590929955745759,0.2138645936194307,0.03733903320618337,0.1742727777456312
1665735706621,-0.0371263459791402,0.022483731141347038,1.3721819657917171,0.21710958997023816,0.035157033616099065,0.17804638862832017
1665735706653,-0.005705507956974111,0.0013889454012844043,1.374985782022958,0.22035034621524557,0.02844162671988837,0.1768619875808879
1665735706672,-0.007725414334744974,-0.008780300479559867,1.3814731594327423,0.22213550685557532,0.02242464389653054,0.1747069722730673
1665735706704,-0.003478925501045077,-0.0030158182281929792,1.3940648443190093,0.22369416496722558,0.02104489310134877,0.17541621868536678
1665735706737,0.002034754789918898,-0.008483329355492661,1.4042246589353111,0.2245397860072218,0.021586496666642196,0.17485847748130767
1665735706771,0.0031367394316453878,-0.02423039425261062,1.3960695013638964,0.2253162434015588,0.01445273785411888,0.1704796328841396
1665735706804,-0.009971229142939094,-0.019849422067020214,1.3876888673285863,0.2253384190763471,0.00968506985515788,0.1749770233297957
1665735706855,-0.02543832985926125,-0.021807641501279,1.3923369348909778,0.22435144239858815,0.00688057912275164,0.17772971376470686
1665735706886,-0.03952978894015219,-0.03166378503493468,1.40160377368918,0.22244988539173352,-0.0012244965263400465,0.173718105041277
1665735706912,-0.043564531427908434,-0.03560760909166857,1.4143070151353525,0.21927655178078104,-0.0034348902580688123,0.17602458292416268
1665735706938,-0.018812489757467892,-0.027522687551923095,1.4208455716222668,0.21596175427270906,-0.00902008476191657,0.17542974101371683
1665735706971,-0.01989762073169708,-0.004216967721734742,1.4259426915589852,0.2117873787351145,-0.01650363176780223,0.17701982911806868
1665735707004,-0.03138123040828149,-0.010709791899014155,1.425561560425025,0.20866370933360517,-0.025040498038495618,0.17293132417199514
1665735707038,-0.03681486835951893,-0.006048698335819496,1.4246629708100154,0.20730347713617714,-0.03225308096674834,0.16824449815764164
1665735707074,-0.028318119876775294,-0.0015493852629825304,1.4180854138092813,0.0,0.0,0.0
1665735707106,-0.031668475145340505,0.015502231433470598,1.4137907656227093,0.0,0.0,0.0
1665735707138,-0.04757969815274721,0.029472275809573362,1.416329399231989,0.21012665919620907,-0.05810911830886434,0.16941909926000187
1665735707171,-0.06520831053177491,0.050312072923365765,1.4255621738275746,0.21112092629981666,-0.06552229497813711,0.1695478622146867
1665735707210,-0.04520673230140073,0.051220729760988806,1.4482935824314642,0.21205358834386173,-0.07192503612530676,0.17182348114787172
1665735707255,-0.03145628360319788,0.007681199661926304,1.5036786592695546,0.2128349908028225,-0.06996960692404586,0.1787524114775556
1665735707286,-0.012681678379874538,0.0026889206157620373,1.526027084708809,0.21424120099899485,-0.0712913287136086,0.17635410410645913
1665735707312,-0.004107083214271333,-0.011221456309606696,1.5157570102336173,0.2164161738601285,-0.0705751967247234,0.1741079965435368
1665735707354,-0.008218456925152206,-0.022128838219411067,1.480294912264576,0.21896882817478985,-0.0853668182770162,0.1646537274547734
1665735707371,-0.015589605886356318,-0.020444897561809137,1.4748099555802037,0.2202683971615033,-0.08204845521813686,0.17486253031080706
1665735707405,-0.01865751405136257,-0.021496680153500623,1.4858593210695965,0.2201866352646261,-0.08636742779048179,0.17336561233224412
1665735707438,-0.03377381523093751,-0.029906364263553715,1.5144410026784276,0.2184774912663388,-0.09013362221898791,0.173753342461477
1665735707471,-0.04764563640122199,-0.036132184363557786,1.5533233898476488,0.21561087014201583,-0.10133858917917754,0.1664557648915323
1665735707505,-0.009488580510714578,-0.013075125069098215,1.5689364258143388,0.0,0.0,0.0
1665735707538,-0.014291222425132586,0.0021480330824927623,1.5643970391204343,0.20846826144167147,-0.11256055752597732,0.17353860971287582
1665735707571,-0.023906902196540823,-0.007094536974601569,1.549777490462164,0.20562531040741566,-0.11213406652101776,0.1755500655303593
1665735707605,-0.029295967097781882,-0.0031599910298052425,1.5457646657841908,0.20319712043215732,-0.12257517676696594,0.1665923372892586
1665735707638,-0.027195877773152514,-0.004445699215545068,1.5449729129362153,0.20207655876402342,-0.1346814114885126,0.1631035039653198
1665735707671,-0.031434397558377666,0.009615260781096476,1.5457416679747025,0.20229506651119952,-0.1370769221385134,0.16644580810445847
1665735707705,-0.03682014580882123,0.01675566086674208,1.5506806634395727,0.20159044219511238,-0.14903593519126007,0.16436689476873334
1665735707738,-0.043408058001986445,0.024247410591262532,1.5567591751820309,0.0,0.0,0.0
1665735707771,-0.030442232683385386,0.029757815028719475,1.5645791605954533,0.20077198794554488,-0.16856537571118174,0.16543078785022214
1665735707805,-0.023781709910319516,0.009528140278869284,1.5919225586570533,0.20158749105601714,-0.15683634567490717,0.18087701468158252
1665735707838,-0.014157645475942232,0.003948106827990624,1.625216792327562,0.20206655262813705,-0.1591428071224117,0.1793545274871962
1665735707872,-0.004444882370045768,0.005211622841635143,1.6330928080271656,0.20380136705254018,-0.16397316949945934,0.1706231114792343
1665735707905,0.0028072563482521664,-0.014090175751328001,1.6102789733135976,0.20592179701123375,-0.16235608489143571,0.16659443563367154
1665735707938,0.0021863454456618097,-0.023755560209680223,1.5824649291189161,0.2068697157106133,-0.17103970373572913,0.16436409229336785
1665735707972,-0.01645527628267506,-0.023710262214865083,1.5803637460537119,0.20641727312287123,-0.17439315855320014,0.16902362010158584
1665735708005,-0.021521923436817268,-0.0217390821871401,1.6005820419234305,0.20493127497428928,-0.17562486023597462,0.17167984694276378
1665735708039,-0.037665718578137296,-0.0355393545752633,1.6283570162651095,0.20187645705724944,-0.1777085524466382,0.17276590292433064
1665735708072,-0.05023870898648247,-0.040072134394879104,1.654069443160602,0.19834439954498445,-0.1845899787874532,0.16872071540985922
1665735708105,-0.029084177189660585,-0.029640526185079147,1.6549772198409567,0.1951048333059988,-0.18806308635261465,0.17015389904436268
1665735708138,-0.017172713856149647,0.0039067196387050735,1.6458249799625047,0.19032812434810392,-0.1955342100100988,0.17158090371342094
1665735708172,-0.027578705625620606,-0.009968248447705611,1.6322956212253086,0.18701279442185023,-0.1947607912118483,0.17528080359945497
1665735708205,-0.025713709698254074,-0.005293572549574732,1.630353628622233,0.1845200807290147,-0.20595005064788574,0.16329085481916017
1665735708238,-0.03265972758485982,0.0003142468719780415,1.6302235086537111,0.18367701934420005,-0.21158878928485514,0.16027081919880581
1665735708272,-0.021575769987598945,-0.004082142235303093,1.6235766497035602,0.1832795648541034,-0.2166719286099706,0.16555837132246232
1665735708305,-0.019970322308455735,0.0031243422285558028,1.6220615867813875,0.18303596954868548,-0.22354687383516963,0.16555154259327332
1665735708339,-0.0279572015212725,0.012907606450592957,1.6324382893198317,0.1824459493328929,-0.22585177483548097,0.16818433505779007
1665735708372,-0.03059365951640499,0.017745288276639338,1.6401322610639877,0.18098826940372786,-0.2324663533380696,0.16781985486891837
1665735708405,-0.028657207768131743,0.016879054171723064,1.6427188057295783,0.17838573279819483,-0.24968241811546682,0.1623046896504694
1665735708439,-0.023160975776312796,0.001480174246072241,1.6416150347223604,0.0,0.0,0.0
1665735708472,-0.023061985456455738,0.0024802630832861713,1.6504907287474504,0.0,0.0,0.0
1665735708505,-0.015147122527678285,0.006640527698956886,1.6645861519958853,0.17453243836153054,-0.25985470565963054,0.17966946718331378
1665735708539,-0.013831025091568366,0.013869584081081687,1.6841611346581988,0.1724134230613476,-0.27954693324132424,0.1638270940792249
1665735708572,-0.009981813589950836,0.035903418860484745,1.6862356812187564,0.17092863712976042,-0.28060664541226604,0.1658867020102618
1665735708606,-0.007017780670771257,0.038950612993371485,1.6748857831480122,0.17087106227890234,-0.2732618451087735,0.17280446304563934
1665735708639,-0.008754469120723115,0.031145636707866433,1.663903953616449,0.16920504511346549,-0.2836005975678102,0.1611290122854696
1665735708672,-0.009769465326193848,0.021216211382292655,1.661228902554284,0.17057413478944228,-0.25991558599549913,0.17336223772426607
1665735708706,-0.011022163354818643,0.0073005278978732465,1.6543022168395611,0.1708524199808471,-0.26061896504063,0.1721104267933693
1665735708739,-0.012562202934592068,0.0042568051946080656,1.6428981849436084,0.17141460965893024,-0.2604290794180197,0.17391066860996562
1665735708772,-0.014373861771428553,0.0071670591882383675,1.6424405639580562,0.17221903913697906,-0.26115669235026284,0.17406327278932632
1665735708806,-0.013371978894395798,0.012845121767269884,1.6447964031133229,0.1730662494231741,-0.2621228943233106,0.17477134133054473
1665735708839,-0.0109146139506271,0.01684252549437485,1.6433549721545133,0.17309855858124928,-0.27083302765945777,0.17000324995630722
1665735708872,-0.009667873129423788,0.018916316420773745,1.6393196368599092,0.17378387022174985,-0.2664583141158975,0.17235631623487147
1665735708906,-0.00873063288782743,0.01584538642315938,1.6348647058628574,0.1743755890203651,-0.2575803925526784,0.1774631500735372
1665735708939,-0.008580437420906143,0.011965787082372375,1.628205683502125,0.17370441003624815,-0.2653056111666568,0.17123854380611148
1665735708972,-0.00923484029116129,0.010419099027983445,1.6237579287648671,0.17433357100596458,-0.25050350363208795,0.18230200102667105
1665735709006,-0.010328256945783707,0.01092850008993474,1.6214019963797608,0.173059753519188,-0.26167093353670423,0.1746115102735214
1665735709039,-0.010919386127235649,0.01474116444914901,1.61998694573652,0.17184881515184397,-0.26970988414023034,0.16941309528708093
1665735709073,-0.01101183710007412,0.016385496754350304,1.6177843974923025,0.1722979981229213,-0.262301755680178,0.1751737217238678
1665735709106,-0.011047279218656595,0.017213078468290902,1.6154025961692955,0.17213109036523724,-0.26599764765976,0.1718127446864246
1665735709140,-0.010802840544650031,0.015270297883544195,1.6111256950117168,0.1722585210468284,-0.2617292086998515,0.17461852384150256
1665735709173,-0.010712913737898113,0.013603613937627245,1.6067855196419532,0.17271385960719282,-0.2583538529049521,0.1767706194181552
1665735709206,-0.011012429821731087,0.01294089872451433,1.6035982185231976,0.17230872895171315,-0.2657553780545963,0.1714869373342618
1665735709239,-0.01114107365260721,0.013845526908115972,1.601078635394844,0.173059753519188,-0.26167093353670423,0.1746115102735214
1665735709274,-0.010709180697640206,0.015361880380511103,1.5987858860020634,0.1730662494231741,-0.2621228943233106,0.17477134133054473
1665735709307,-0.010188817263047524,0.0161779195057709,1.5959210720939112,0.1735519698791983,-0.2582891314318424,0.17724365528765895
1665735709355,-0.009827558070524545,0.014844387446306194,1.5912449623507547,0.17357989651544906,-0.25763618041893843,0.1774716105372568
1665735709373,-0.009864136401164784,0.014113914360185255,1.5893680017459353,0.173059753519188,-0.26167093353670423,0.1746115102735214
1665735709406,-0.01011280031563936,0.01326176666158129,1.5867407610089987,0.17213558368234116,-0.27040955181971704,0.1681599617036329
1665735709440,-0.01051417262720748,0.013978385117059684,1.5835856821045173,0.17261902125769668,-0.2621953773929034,0.174262634566142
1665735709473,-0.010664649487574365,0.015203452907967334,1.5812214116823864,0.17213109036523724,-0.26599764765976,0.1718127446864246
1665735709506,-0.010680337061351772,0.016179618259655137,1.5788753332857988,0.17213109036523724,-0.26599764765976,0.1718127446864246
1665735709539,-0.010474698234175928,0.01591919535750029,1.5755606583365527,0.17220698281594382,-0.26973068871209543,0.16888640341778616
1665735709575,-0.010240672433138805,0.014857403295781446,1.5726662152755695,0.173059753519188,-0.26167093353670423,0.1746115102735214
1665735709622,-0.010341232309057828,0.013853112768066222,1.5684426732602166,0.173059753519188,-0.26167093353670423,0.1746115102735214
1665735709656,-0.010493399958481928,0.014104540666740908,1.5663857901209237,0.173059753519188,-0.26167093353670423,0.1746115102735214
1665735709680,-0.010351157886378762,0.014897642432329609,1.5643532117449102,0.17309504333882408,-0.26145837969674224,0.17500554173087435
1665735709711,-0.010395676443538152,0.015606619280052731,1.5620454158376518,0.17309504333882408,-0.26145837969674224,0.17500554173087435
1665735709746,-0.010350762263095746,0.015631106227792457,1.5597370021434507,0.173059753519188,-0.26167093353670423,0.1746115102735214
1665735709773,-0.010481600211575112,0.015004235510717074,1.557363797469553,0.17261902125769668,-0.2621953773929034,0.174262634566142
1665735709809,-0.010690184113995834,0.014226884431974578,1.5542137872596282,0.17220698281594382,-0.26973068871209543,0.16888640341778616
1665735709860,-0.011070162876634648,0.014575881217812362,1.550665346020266,0.17220698281594382,-0.26973068871209543,0.16888640341778616
1665735709887,-0.011056352616247,0.015039001489813887,1.5492540317831152,0.173059753519188,-0.26167093353670423,0.1746115102735214
1665735709907,-0.01099055723212945,0.015457491937338,1.5478499992027621,0.173059753519188,-0.26167093353670423,0.1746115102735214
1665735709941,-0.010734443608866957,0.01560522284438464,1.5449400842471934,0.173059753519188,-0.26167093353670423,0.1746115102735214
1665735709977,-0.010533134077709132,0.015183370422381184,1.5426928908759572,0.173059753519188,-0.26167093353670423,0.1746115102735214
1665735710007,-0.010523612718878635,0.014672347971906818,1.5405696027610198,0.173059753519188,-0.26167093353670423,0.1746115102735214
1665735710058,-0.010623960196000601,0.014690121270399913,1.5372893012227131,0.173059753519188,-0.26167093353670423,0.1746115102735214
1665735710085,-0.010633664143370723,0.015261170444127987,1.5353881424418996,0.17261902125769668,-0.2621953773929034,0.174262634566142
1665735710107,-0.010664194429254254,0.015598093314269373,1.5340537904665354,0.17220698281594382,-0.26973068871209543,0.16888640341778616
1665735710140,-0.010639652129512869,0.015835997348191307,1.5314203965854885,0.17220698281594382,-0.26973068871209543,0.16888640341778616
1665735710179,-0.010617827221877969,0.015312728167115802,1.5285606293024916,0.1734601663573274,-0.2542804980553955,0.1798845622840184
1665735710224,-0.010546741985422155,0.01484525373421951,1.5259445146624682,0.173059753519188,-0.26167093353670423,0.1746115102735214
1665735710241,-0.010606300416648657,0.014919968798433993,1.5247910028699938,0.173059753519188,-0.26167093353670423,0.1746115102735214
1665735710274,-0.010824525095401225,0.015202362022112158,1.5230106189480077,0.173059753519188,-0.26167093353670423,0.1746115102735214
1665735710307,-0.01075061527889751,0.015512740003953729,1.5211784944658213,0.173059753519188,-0.26167093353670423,0.1746115102735214
1665735710346,-0.010616288283452423,0.01570349999432813,1.5186530476536009,0.173059753519188,-0.26167093353670423,0.1746115102735214
1665735710374,-0.010566189288540825,0.015577872958213937,1.5167194893921894,0.173059753519188,-0.26167093353670423,0.1746115102735214
1665735710407,-0.010664028981525296,0.015235587173795615,1.5147905856340058,0.17261902125769668,-0.2621953773929034,0.174262634566142
1665735710440,-0.010652200660283608,0.015057415018673843,1.5124295003915549,0.17261902125769668,-0.2621953773929034,0.174262634566142
1665735710474,-0.01075669033403438,0.01537407611096213,1.5106244001429996,0.173059753519188,-0.26167093353670423,0.1746115102735214
1665735710509,-0.010646821264306057,0.01565736008351449,1.5089436191167933,0.17261902125769668,-0.2621953773929034,0.174262634566142
1665735710540,-0.010598717630484358,0.015742356763601546,1.506581489513917,0.173059753519188,-0.26167093353670423,0.1746115102735214
1665735710574,-0.010512537463817556,0.015505231003177966,1.5047949663125664,0.173059753519188,-0.26167093353670423,0.1746115102735214
1665735710607,-0.010491957794976553,0.015273970304159156,1.5031110522482058,0.173059753519188,-0.26167093353670423,0.1746115102735214
1665735710641,-0.010370636768598793,0.015141674695219466,1.500869651829888,0.173059753519188,-0.26167093353670423,0.1746115102735214
1665735710674,-0.010546406787386817,0.015339002839622013,1.499382306518561,0.17220698281594382,-0.26973068871209543,0.16888640341778616
1665735710708,-0.010604826218655595,0.015579371367263325,1.4977960738523024,0.17261902125769668,-0.2621953773929034,0.174262634566142
1665735710743,-0.010616768355462882,0.015771863834450017,1.4956827876886307,0.17261902125769668,-0.2621953773929034,0.174262634566142
1665735710774,-0.01057386896067708,0.015590118751676669,1.4940712148006676,0.173059753519188,-0.26167093353670423,0.1746115102735214
1665735710808,-0.010753340832535414,0.015377479345545422,1.4924569368946534,0.173059753519188,-0.26167093353670423,0.1746115102735214
1665735710841,-0.010792168064465278,0.015324759499005127,1.4903245856918599,0.173059753519188,-0.26167093353670423,0.1746115102735214
1665735710874,-0.010686993006227764,0.015485996922697514,1.488871567996186,0.17220698281594382,-0.26973068871209543,0.16888640341778616
1665735710907,-0.010788934628128603,0.015728249638105707,1.4873663793214627,0.1734601663573274,-0.2542804980553955,0.1798845622840184
1665735710941,-0.010806761107349013,0.015794170783851678,1.4854646562479827,0.1734601663573274,-0.2542804980553955,0.1798845622840184
1665735710974,-0.01078136719466348,0.01574900233036612,1.4839758861183354,0.173059753519188,-0.26167093353670423,0.1746115102735214
1665735711008,-0.010791751010438447,0.015506796193571882,1.4825585739505596,0.173059753519188,-0.26167093353670423,0.1746115102735214
1665735711041,-0.010816380920941508,0.015393674600553497,1.4805720411915044,0.17261902125769668,-0.2621953773929034,0.174262634566142
1665735711076,-0.010952994531548906,0.015545182191022244,1.4792216350663376,0.173059753519188,-0.26167093353670423,0.1746115102735214
1665735711107,-0.010939481215811382,0.015739162676068057,1.4778747195862671,0.173059753519188,-0.26167093353670423,0.1746115102735214
1665735711141,-0.010922156118031798,0.01580021981405329,1.4760071782996875,0.173059753519188,-0.26167093353670423,0.1746115102735214
1665735711175,-0.010914798993302964,0.01572045397066284,1.4746462200945474,0.17220698281594382,-0.26973068871209543,0.16888640341778616
1665735711207,-0.01084983166746868,0.015487720538195015,1.4731489187750824,0.173059753519188,-0.26167093353670423,0.1746115102735214
1665735711241,-0.01088686450433069,0.01532467357964855,1.47131324187397,0.1734601663573274,-0.2542804980553955,0.1798845622840184
1665735711275,-0.01095455727619002,0.015393541592039902,1.4700765824468276,0.173059753519188,-0.26167093353670423,0.1746115102735214
1665735711308,-0.011047990468128481,0.015533215313461706,1.468770136770636,0.173059753519188,-0.26167093353670423,0.1746115102735214
1665735711341,-0.01105569160810207,0.015456590823952955,1.4670252761461249,0.1734601663573274,-0.2542804980553955,0.1798845622840184
1665735711376,-0.011010005745250252,0.015348670120967555,1.4657488438243975,0.17261902125769668,-0.2621953773929034,0.174262634566142
1665735711409,-0.01110705787243817,0.015179116809714467,1.4640969295490875,0.173059753519188,-0.26167093353670423,0.1746115102735214
1665735711442,-0.0111270224698975,0.01528833537574097,1.462801551442517,0.173059753519188,-0.26167093353670423,0.1746115102735214
1665735711475,-0.011017942035284396,0.015378090923058217,1.461570204016553,0.1734601663573274,-0.2542804980553955,0.1798845622840184
1665735711508,-0.011101922459117036,0.015534946460060772,1.460253400076541,0.173059753519188,-0.26167093353670423,0.1746115102735214
1665735711543,-0.011117025173283092,0.01551580285893638,1.4585868931918675,0.173059753519188,-0.26167093353670423,0.1746115102735214
1665735711587,-0.011174285172649975,0.015473537405796978,1.457033776340533,0.173059753519188,-0.26167093353670423,0.1746115102735214
1665735711623,-0.011179379918884461,0.015440617915073876,1.4555099933432658,0.1734601663573274,-0.2542804980553955,0.1798845622840184
1665735711641,-0.011148835483125634,0.015484964645143958,1.4547496803532862,0.17220698281594382,-0.26973068871209543,0.16888640341778616
1665735711675,-0.011166453840344384,0.01554548495308608,1.4535272381318922,0.173059753519188,-0.26167093353670423,0.1746115102735214
1665735711708,-0.011197534848779202,0.01568975535384179,1.4524213683523037,0.173059753519188,-0.26167093353670423,0.1746115102735214
1665735711741,-0.011078574376422642,0.0157121921239037,1.4508369639147058,0.17261902125769668,-0.2621953773929034,0.174262634566142
1665735711775,-0.010957361816575566,0.0156507106836041,1.4497908560700794,0.173059753519188,-0.26167093353670423,0.1746115102735214
1665735711810,-0.010696076731025614,0.015624884917610373,1.4482896529621723,0.173059753519188,-0.26167093353670423,0.1746115102735214
1665735711841,-0.010594300353253781,0.015615686027486142,1.447249396487648,0.173059753519188,-0.26167093353670423,0.1746115102735214
1665735711883,-0.010613378815383696,0.01563975962526127,1.4458731208760307,0.17261902125769668,-0.2621953773929034,0.174262634566142
1665735711908,-0.010642932711789026,0.015789851350569324,1.4451263571730106,0.173059753519188,-0.26167093353670423,0.1746115102735214
1665735711960,-0.010549773040339046,0.015776343916312607,1.44288909770151,0.17261902125769668,-0.2621953773929034,0.174262634566142
1665735711989,-0.010566458142740764,0.015703813028114064,1.4418531590325452,0.1734601663573274,-0.2542804980553955,0.1798845622840184
1665735712016,-0.010628142043671653,0.0157172916656989,1.441051033621993,0.173059753519188,-0.26167093353670423,0.1746115102735214
1665735712059,-0.01075448587741074,0.015773618420260548,1.4394018620700701,0.17261902125769668,-0.2621953773929034,0.174262634566142
1665735712076,-0.010763626379087017,0.015770557190740834,1.4390012269654688,0.173059753519188,-0.26167093353670423,0.1746115102735214
1665735712109,-0.010851750800294447,0.01571249480395754,1.4376155437369966,0.17261902125769668,-0.2621953773929034,0.174262634566142
1665735712142,-0.010957307975917567,0.015717563563356563,1.4365825436012136,0.17261902125769668,-0.2621953773929034,0.174262634566142
1665735712175,-0.011024540727310293,0.015680472698578037,1.435631683108592,0.17220698281594382,-0.26973068871209543,0.16888640341778616
1665735712209,-0.010979302506506965,0.0155957920011239,1.4343730935335666,0.17261902125769668,-0.2621953773929034,0.174262634566142
1665735712242,-0.011060410522954789,0.015623298541173473,1.4333721468596508,0.17261902125769668,-0.2621953773929034,0.174262634566142
1665735712275,-0.011255227294248365,0.01567807606995904,1.4324327271068718,0.17261902125769668,-0.2621953773929034,0.174262634566142
1665735712308,-0.011134140585241935,0.015791922168475383,1.4314623417870325,0.17220698281594382,-0.26973068871209543,0.16888640341778616
1665735712342,-0.011158007639551935,0.01586186517057767,1.4302406709555968,0.173059753519188,-0.26167093353670423,0.1746115102735214
1665735712375,-0.01117156941943791,0.01591797105493053,1.4292762578900189,0.17220698281594382,-0.26973068871209543,0.16888640341778616
1665735712409,-0.011197140884197796,0.01581918371665389,1.428343155246792,0.173059753519188,-0.26167093353670423,0.1746115102735214
1665735712442,-0.011340749407760404,0.015890333544033873,1.4271913913035021,0.1734601663573274,-0.2542804980553955,0.1798845622840184
1665735712475,-0.01142516287114473,0.015885720094464702,1.4261600433427264,0.1734601663573274,-0.2542804980553955,0.1798845622840184
1665735712509,-0.011507676443362699,0.015946914434393646,1.42530673432992,0.1734601663573274,-0.2542804980553955,0.1798845622840184
1665735712542,-0.011436552089749504,0.01590828849431852,1.4241848290102155,0.17220698281594382,-0.26973068871209543,0.16888640341778616
1665735712575,-0.011507785880124848,0.015857372201526502,1.4233657799106176,0.17261902125769668,-0.2621953773929034,0.174262634566142
1665735712609,-0.011517822583000614,0.01584706354523879,1.4222602077069457,0.173059753519188,-0.26167093353670423,0.1746115102735214
1665735712642,-0.011463040521037696,0.01579344345900911,1.4213525978117774,0.17261902125769668,-0.2621953773929034,0.174262634566142
1665735712675,-0.011442872111110582,0.015884129318806506,1.4205031390956475,0.173059753519188,-0.26167093353670423,0.1746115102735214
1665735712709,-0.011397805925950131,0.01593418992887897,1.4193863541688732,0.173059753519188,-0.26167093353670423,0.1746115102735214
1665735712742,-0.011329354837593376,0.01589982487837137,1.4185943268094143,0.173059753519188,-0.26167093353670423,0.1746115102735214
1665735712775,-0.011238562845144521,0.015939450625802716,1.4178421178601006,0.173059753519188,-0.26167093353670423,0.1746115102735214
1665735712809,-0.01134760074413795,0.01587896266268126,1.4167878267649696,0.17220698281594382,-0.26973068871209543,0.16888640341778616
1665735712842,-0.01134563748789357,0.015812992740502914,1.415960311641717,0.1734601663573274,-0.2542804980553955,0.1798845622840184
1665735712875,-0.011269653056750392,0.015801072071800797,1.4151107747504348,0.173059753519188,-0.26167093353670423,0.1746115102735214
1665735712909,-0.011300361844466943,0.015967468511336038,1.4141893651282027,0.173059753519188,-0.26167093353670423,0.1746115102735214
1665735712943,-0.011472146954315457,0.016029105932378714,1.4134162999213318,0.173059753519188,-0.26167093353670423,0.1746115102735214
1665735712976,-0.011526136442638606,0.015951904130125646,1.4127028326356823,0.17261902125769668,-0.2621953773929034,0.174262634566142
